unq_id,age_t_m,durn_t_m,sbp_t_m,dbp_t_m,hba1c_t_m,tchol_t_m,hdl_t_m,egfr_t_m,bmi_t_m,ht_t_m,age_t_s,durn_t_s,sbp_t_s,dbp_t_s,hba1c_t_s,tchol_t_s,hdl_t_s,egfr_t_s,bmi_t_s,ht_t_s
1,0.54,0.47,0.29,0.51,-0.44,-0.83,-0.21,-0.06,-0.42,-0.21,0.9,0.94,0.91,0.89,0.97,0.88,0.9,0.95,0.91,0.94
2,-0.41,-0,-0.45,-0.69,0.91,-0.05,-0.47,-0.25,-0.33,0.46,0.97,0.91,0.83,0.77,0.88,0.77,0.95,0.68,0.85,0.87
3,-0.11,-0.19,0.49,0,0.06,-0.32,0.54,0.36,0.23,-0.44,0.93,0.92,0.91,0.9,0.94,0.87,0.91,0.94,0.98,0.93
4,0.49,0.24,-0.02,-0.55,0.24,0.31,-0.9,-0.33,-0.16,0.38,0.91,0.89,0.91,0.84,0.93,0.88,0.86,0.87,0.92,0.9
5,0.08,-0.7,0.62,-0.12,0.06,0.32,0.27,0.77,0.21,-0.38,0.89,0.86,0.89,0.91,0.92,0.82,0.89,0.91,0.96,0.9
6,-0.11,-0.33,-0.34,-0.51,0.2,1.4,-1,-0.26,0.54,0.13,0.85,0.96,0.85,0.95,0.85,0.79,0.86,0.91,1.03,0.9
7,0.6,-0.1,0.07,-0.34,-0.44,0.79,-0.81,0.45,-0.15,0.14,0.91,0.91,0.87,0.9,0.98,0.89,0.88,0.94,0.93,0.95
8,-0.58,0,-0.44,0.74,-0.04,0.33,0.73,-0.61,0.44,-0.03,0.97,0.88,0.88,0.91,0.91,0.9,0.91,0.88,0.97,0.91
9,0.26,-0.11,0.32,0.09,0.01,0.36,-0.22,0.56,-0.35,-0.13,0.89,0.91,0.92,0.89,0.91,0.77,0.83,0.89,0.95,0.92
10,0,0.49,0.14,0.18,-0,-0.24,0.07,0.14,-0.26,-0.12,0.92,0.92,0.91,0.89,0.91,0.84,0.87,0.93,0.93,0.92
11,0.58,0.42,-0.06,-0.28,-0.49,0.24,-0.61,0.08,-0.17,0.21,0.9,0.94,0.9,0.89,0.89,0.86,0.86,0.93,0.97,0.91
12,-0.12,0.13,-0.57,0.7,-0.09,0.86,-0.14,-0.37,-0.14,0.28,0.91,0.88,0.88,0.9,0.95,0.84,0.84,0.84,0.94,0.85
13,0.26,0.64,-0.25,0.54,-0.28,-0.22,0.11,-0.37,-0.52,0.6,0.9,0.91,0.85,0.91,0.92,0.83,0.87,0.88,0.91,0.88
14,-0.51,-0.35,-0.06,-0.51,0.29,-0.21,0.56,0.33,0.17,-0.14,0.92,0.91,0.87,0.87,0.93,0.85,0.87,0.91,0.97,0.95
15,-0.18,0.26,-0.65,0.57,0.29,0.31,-0.29,-1.06,-0.21,0.72,0.86,0.96,0.85,0.85,0.84,0.82,0.83,0.83,0.89,0.85
16,0.2,-0.52,0.13,0.2,-0.08,0.42,0.34,0.35,-0.08,0.27,0.9,0.86,0.9,0.93,0.97,0.82,0.93,0.87,0.95,0.87
17,0.44,-0.22,0.25,-0.55,-0.43,0.22,-0.19,0.33,0.35,-0.1,0.9,0.91,0.92,0.86,0.91,0.84,0.88,0.93,0.97,0.94
18,0.63,-0.35,0.19,-0.7,0.35,0.85,-1.08,0.03,-0.15,0.36,0.85,0.85,0.87,0.82,0.91,0.83,0.85,0.92,0.95,0.83
19,-0.01,0.08,-0.17,0.53,0.31,-0.06,-0.68,-1,-0.13,-0.02,0.88,0.87,0.84,0.87,0.88,0.79,0.82,0.87,0.9,0.91
20,-0.24,-0.31,-0.16,-0.56,-0.06,-0.8,0.39,0.22,-0.03,-0.16,0.94,0.85,0.94,0.87,0.82,0.87,0.91,1,0.9,0.91
21,-0.71,0.13,-0.73,-0.69,0.39,-0.07,0.08,0.2,-0.3,0.4,0.82,0.95,0.75,0.77,0.79,0.92,0.83,0.87,0.94,0.9
22,-0.43,-0.17,-0.58,-0.46,0.08,-0.05,0.7,-0.11,0.17,0.51,1.07,0.94,0.8,0.85,1.04,0.76,0.91,0.86,0.88,0.91
23,-0.14,-0.34,-0.78,-1.77,0.13,0.59,-0.62,0.63,0.5,1.46,0.73,0.98,1.02,1.22,0.84,0.75,0.62,0.64,1.1,0.72
24,-0.4,0.31,-0.42,-0.37,0.11,-0.22,0.1,0.1,-0.28,0.19,0.84,0.86,0.84,0.81,0.91,0.86,0.85,0.87,0.98,0.93
25,-1.12,-0.89,-0.54,-1.16,1.11,0.04,0.25,-0.11,0.19,0.47,0.78,0.85,0.97,0.75,0.89,0.67,0.75,0.73,0.84,0.87
26,0.09,0.26,-1.03,0.06,0.08,1.06,-0.83,-1.17,-0.01,0.98,0.94,0.92,0.85,0.81,0.83,0.71,0.8,0.77,0.92,0.85
27,0.12,0.54,-0.98,0.24,-0.68,1,-0.34,-0.84,0.34,0.62,0.89,0.9,0.8,0.82,0.91,0.78,0.82,0.89,0.83,0.78
28,0.03,0.2,0.21,-0.13,0.72,-0.2,-0.4,-0.35,-0.3,0.16,0.89,0.96,0.86,0.87,0.87,0.83,0.91,0.91,0.94,0.92
29,-0.53,0.03,-0.64,-0.8,0.92,-0.04,-0.32,-0.38,-0.54,0.64,0.99,0.91,0.84,0.77,0.76,0.88,0.79,0.8,0.95,0.85
30,-0.37,-0.26,-1,-1.49,0.66,0.34,-0.79,-0.55,-0.4,0.92,1.11,0.88,0.89,0.69,0.78,0.87,0.85,0.85,0.99,0.95
31,0.55,0.55,-0.65,-0.05,-0.57,0.49,-0.43,-0.41,-0.33,0.9,0.97,0.9,0.81,0.92,0.94,0.86,0.85,0.86,0.85,0.88
32,0,-0.05,-0,0.36,-0.1,-0.23,0.63,-0.18,-0.03,0.3,0.91,0.9,0.89,0.88,0.97,0.87,0.89,0.89,0.94,0.91
33,-0.17,-1.18,-0.61,-0.48,0.13,1.72,-0.35,-0.41,0.57,0.82,0.77,0.81,0.94,0.81,0.87,0.85,1.01,0.93,0.74,0.85
34,0.38,-0.13,0.64,0.45,-0.38,-0.94,0.3,0.13,0.04,-0.58,0.91,0.93,0.93,0.91,0.93,0.87,0.92,0.94,0.94,0.93
35,0.56,-0.61,0.28,-0.57,-0.43,0.74,-0.43,0.73,0.34,-0.06,0.91,0.85,0.87,0.84,0.99,0.77,0.83,0.9,0.9,0.85
36,-0.02,-0.55,-0.5,-1.01,-0.2,0.14,-0.19,0.29,0.21,0.22,0.99,0.85,0.85,0.78,1.03,0.87,0.76,0.96,1.05,0.96
37,-0.39,0.21,-0.2,-0.6,0.82,-0.23,-0.24,-0.24,-0.28,0.34,0.87,0.9,0.84,0.86,0.82,0.78,0.86,0.88,0.97,0.8
38,0.1,1.25,-0.14,0.43,0.08,-0.3,-0.48,-0.14,-0.72,0.16,0.99,0.85,0.85,0.87,0.85,0.81,0.78,0.83,0.8,0.95
39,-0.11,-0.27,-0.32,-0.38,0.2,0.31,-0.33,0.42,-0.47,0.26,0.91,0.91,0.91,0.78,0.8,0.81,0.81,0.73,0.85,0.82
40,0.85,0.81,-0.28,-0.11,-0.56,0.72,-1.31,0.29,-0.48,0.45,0.9,0.89,0.87,0.75,1.05,0.79,0.78,0.72,0.81,0.76
41,-0.09,0.47,-0.29,1.05,-0.38,-0.16,-0.17,-0.61,0.01,-0.42,0.88,0.86,0.86,0.93,0.9,0.84,0.91,0.91,0.93,0.92
42,-0.82,-0.28,-0.18,0.49,0.1,0.37,0.52,-0.21,0.76,-0.61,0.91,0.9,0.88,0.86,0.94,0.83,0.92,0.9,0.93,0.91
43,0.36,-0.09,-0.33,-0.18,-0.48,0.48,-0.03,-0.29,0.07,0.66,0.93,0.89,0.93,0.82,0.97,0.83,0.83,0.86,0.95,0.86
44,-0.67,0.52,-0.44,0.52,0.05,0.46,0.11,-0.36,0.31,-0.38,0.87,0.92,0.83,0.88,0.94,0.81,0.88,0.87,0.92,0.89
45,-0.28,-0.5,-0.3,0.53,-0.13,0.82,0.41,-0.14,0.46,0.02,0.95,0.88,0.88,0.98,1.04,0.84,0.88,0.85,0.97,0.87
46,-0.05,-0.42,0.58,-0.31,0.81,-0.31,0.05,-0.2,0.23,-0.14,0.88,0.92,0.85,0.81,0.94,0.87,0.85,0.93,0.93,0.92
47,-0.61,0.24,-0.57,-0.58,0.27,-0.03,0.08,0.16,-0.27,0.28,0.9,0.93,0.82,0.84,0.86,0.83,0.88,0.98,0.93,0.88
48,-0.62,-0.5,-0.01,0.13,0.66,0.22,0.1,-0.55,0.71,-0.29,0.87,0.91,0.88,0.83,0.89,0.83,0.89,0.9,0.92,0.94
49,-0.14,-0.51,0.09,-1.15,0.43,0.43,-0.31,-0.26,0.51,0.09,0.91,0.81,0.91,0.88,0.94,0.85,0.77,0.94,1,0.93
50,0.06,0.12,-0.08,-0.34,0.4,-0.61,-0.57,-0.37,-0.36,0.28,0.93,0.8,0.83,0.96,0.85,0.84,0.72,1.05,0.87,0.78
51,0.11,-0.28,-0.78,-0.08,0.47,0.49,-0.53,-0.47,-0.8,1.08,0.95,0.69,0.81,0.87,0.93,1.02,0.93,0.61,0.81,0.56
52,-0.53,-0.64,-0.07,0.3,0.01,0.9,0.18,0.24,0.78,-0.7,0.95,0.82,0.83,0.84,1.01,0.79,0.88,0.87,0.87,0.89
53,0.66,0.13,0.39,0.16,0.24,-0.83,-0.73,-0.54,-0.59,0.25,0.92,0.91,0.86,0.86,0.86,0.84,0.88,0.84,0.91,0.94
54,-0.15,-0.75,-0.65,-0.13,-0.62,1.4,-0.58,0.27,0.95,-0.07,0.77,1.07,0.9,0.93,0.76,0.63,0.66,0.89,0.88,1.06
55,0.03,-0.09,0.41,-0.43,0.6,-0.99,-0,-0.7,0.05,-0.13,0.9,0.87,0.99,0.81,0.91,0.89,0.89,0.9,0.84,0.99
56,-0.77,-0.4,-0.34,-0.89,0.36,-0.1,0.56,0.46,0.24,-0.02,0.89,0.91,0.89,0.82,1.01,0.83,0.94,0.92,0.95,0.95
57,0.66,0.03,-0.44,-0.09,-0.55,0.92,-0.62,0.1,-0.35,0.91,0.91,0.95,0.85,0.86,0.95,0.85,0.95,0.82,1.01,0.81
58,-0.29,0.57,-0.72,0.85,-0.18,0.33,0.13,-0.82,-0.06,0.31,0.9,0.85,0.86,0.9,0.98,0.83,0.88,0.87,0.93,0.86
59,0.01,0.12,-0.7,-0.94,-0.29,0.29,-0.48,0.13,-0.28,0.58,0.82,0.9,0.96,0.86,0.87,0.78,0.84,0.86,0.9,0.93
60,-0.36,-0.48,0.13,-0.75,0.81,-0.16,0.12,-0.08,0.2,0.15,0.91,0.83,0.83,0.87,0.86,0.83,0.79,0.9,0.95,0.95
61,-1.15,-0.38,-1.31,-0.11,1.11,0.66,0.01,-1.07,0.53,0.61,0.71,0.85,0.7,0.98,1.06,0.69,0.72,1.15,0.7,0.84
62,0.61,1.26,-0.06,0.63,-0.52,-0.72,-0.61,-0.34,-0.87,0.2,0.99,0.84,0.79,0.8,0.97,0.89,0.82,0.88,0.91,0.89
63,-0.25,-0.05,-0.47,-1.07,0.58,0.54,-0.82,-0.33,-0.27,0.63,0.79,0.91,0.8,0.83,0.94,0.8,0.95,0.88,0.88,0.91
64,0.08,-0.23,-0.88,-0.05,0.11,1.56,-1.02,-0.63,0.04,0.91,0.83,0.9,0.92,0.85,0.81,0.86,0.97,0.9,0.89,0.86
65,-0.19,-0.86,0.13,-0.62,0.12,0.27,0.27,0.87,0.19,-0.02,0.87,0.87,0.83,0.85,0.88,0.83,0.82,0.94,0.93,0.87
66,-0.57,-0.67,0.05,-0.96,0.88,-0.17,0.24,-0.15,0.26,0.22,0.91,0.86,0.88,0.74,0.77,0.9,1.01,0.83,0.98,0.88
67,-0.35,-0.19,0.06,0.99,-0.37,-0.29,0.44,-0.49,0.62,-0.76,0.91,0.84,0.86,0.87,0.95,0.79,0.99,0.88,0.93,0.89
68,0.5,-0.49,0.27,-0.71,0.15,0.25,-0.5,-0.16,0.45,0.13,0.9,0.84,0.96,0.85,1,0.9,0.87,0.95,0.97,0.91
69,-0.61,-0.37,-0.19,-0.63,0.2,-0.29,0.57,0.36,0.24,-0.02,0.84,0.92,0.91,0.82,0.93,0.86,0.89,0.89,0.96,0.92
70,0.75,-0.16,-0.06,-0.5,0.18,0.94,-0.99,-0.35,-0.36,1.08,0.94,0.87,0.94,0.82,1.05,0.84,0.86,0.8,0.97,0.84
71,-0.28,0.49,-0.95,0.02,0.07,0.05,0.3,-0.57,-0.69,0.95,0.92,0.88,0.75,0.82,0.78,0.62,0.89,0.98,0.85,0.78
72,-0.08,-0.47,0.12,0.49,0.44,-0.22,-0.46,-0.75,0.42,-0.41,1.06,0.85,0.83,0.91,0.97,0.84,0.89,0.93,0.85,0.86
73,0.27,1.01,-0.08,0.01,0.77,-0.25,-0.79,-0.6,-0.76,0.1,0.78,0.89,1.11,0.82,0.97,0.84,0.62,0.79,0.81,0.96
74,-0.52,0.18,-0.27,0.23,0.65,0.37,-0.33,-0.69,0.12,-0.05,0.85,0.89,0.86,0.87,0.94,0.81,0.85,0.89,0.88,0.88
75,-0.58,-0.8,-0.83,-1.89,0.69,1.17,-1.34,0.33,0.06,0.79,0.93,0.51,0.72,0.87,1.28,0.74,0.62,0.74,1.05,0.91
76,0.36,0.12,-0.01,0.35,-0.16,0.37,-0.03,0.09,-0.46,0.44,0.95,0.9,0.82,0.85,0.96,0.76,0.87,0.89,0.89,0.86
77,0.6,-0.52,0.01,-0.06,0.73,0.43,-0.83,-0.1,-0.78,1.01,0.87,1.03,0.76,0.89,0.77,0.78,0.84,0.78,0.97,0.84
78,-0.48,-0.6,-1.3,-1.09,-0.13,0.76,-0.34,0.82,0.22,0.72,1.02,0.75,1.06,0.92,0.91,0.59,0.87,0.72,0.86,1.07
79,-0.54,-0.21,-0.69,-0.2,-0.5,1.37,-0.04,-0.21,1.12,-0.31,0.75,0.82,0.83,0.82,1.03,0.81,0.89,1.08,0.95,0.9
80,-0.43,-0.39,-0.82,-0.55,0.77,0.05,0.28,-0.56,-0.06,1.19,0.82,0.86,1.28,0.86,0.88,0.52,0.94,1.13,1.21,1.06
81,-0.1,0.43,-0.86,-0.02,-0.5,1.02,-0.58,-0.35,0.33,0.01,0.87,0.91,0.87,0.86,0.84,0.64,0.78,0.83,0.91,0.94
82,-0.08,-0.35,-0.8,-1.04,-0.29,1.17,-0.56,0.74,-0.42,0.66,0.74,0.89,0.85,0.65,1.04,0.65,0.77,0.9,0.96,0.94
83,0.1,-0.01,-0.54,-0.86,0.31,0.41,-0.97,-0.25,-0.29,0.77,0.88,1,0.86,0.86,0.93,0.85,0.82,0.98,0.99,0.86
84,-0.14,-0.53,-0.42,-1.2,0.47,0.33,-0.45,-0.28,0.36,0.56,0.9,0.95,1.03,0.75,0.96,0.77,0.78,0.88,0.9,0.79
85,0.64,-0.1,-0.74,-0.94,-0.76,-0.25,-1.02,0.03,-0.49,0.57,0.85,0.94,0.74,0.97,0.82,0.95,0.75,1.26,0.79,1.01
86,0.14,0.32,-0.62,-0.73,-0.37,0.36,-0.55,0.27,-0.21,0.45,0.85,0.89,0.91,0.87,0.88,0.88,0.81,0.89,0.94,0.84
87,-1.18,-0.34,-0.51,-0.24,0.65,0.5,0.26,-0.44,0.66,-0.12,0.75,0.9,0.79,0.82,0.84,0.77,0.83,0.69,0.92,0.78
88,0,-0.54,-0.6,-0.7,0.53,0.26,-0.45,-0.87,-0.1,1.03,0.77,0.88,0.74,0.72,0.76,0.7,0.84,0.77,0.84,0.76
89,-0.37,-0.27,-0.42,-1.4,-0.03,0.29,0.05,0.39,0.35,0.13,0.88,0.87,0.8,0.82,0.85,0.81,0.87,0.97,0.95,0.99
90,0.14,-0.62,0.51,-0.3,0.85,0.39,-0.02,-0.02,-0.01,0.43,0.81,0.8,0.82,0.75,0.88,0.7,0.77,0.88,0.87,0.86
91,-0.11,-0.44,0.04,-0.3,-0.11,-0.83,0.37,0.14,-0.12,-0.17,0.87,0.86,0.81,0.84,0.91,0.89,0.91,0.94,1.02,0.91
92,0.22,-0.92,-0.12,-1.15,-0.29,0.71,-0.45,0.82,0.3,0.31,0.95,0.74,1.03,0.73,0.94,0.94,0.92,1.05,0.88,0.81
93,-0.84,-0.35,-0.8,-0.78,0.54,0.11,0.73,-0.21,0.05,0.71,0.87,0.98,0.97,0.88,0.78,0.77,0.7,0.73,0.91,0.81
94,0.59,0.39,-0.57,-0.2,0.16,0.45,-0.87,-0.76,-0.49,1.19,0.86,0.83,1,0.87,0.86,0.75,0.86,0.93,0.97,0.91
95,-0.36,-0.76,-0.16,-0.68,0.36,0.39,0.11,0.63,0.18,-0.16,0.99,0.83,0.82,0.74,0.98,0.74,0.9,0.95,0.86,0.98
96,-0.75,0.95,-0.98,-1.03,0.09,0.9,-0.72,-0.07,-0.19,0.04,1.16,1.07,0.71,0.92,1.17,0.37,0.8,1.13,0.69,1.4
97,0.24,-0.92,-0.07,-0.17,0.1,-1.28,-0.42,-0.6,-0.26,0.33,1.05,0.74,0.8,0.74,0.82,0.8,0.78,1.09,0.81,0.89
98,-0.72,0.44,-0.92,0.75,0.29,-0.05,-0.19,-1.1,-0.21,-0.22,0.73,0.75,0.75,1.06,0.92,0.82,0.92,1.1,0.78,0.84
99,-0,-0.52,-0.68,0.2,-0.54,1.52,-0.24,-0.31,0.52,0.34,0.89,0.86,0.75,0.9,0.92,0.7,0.74,0.8,0.97,0.9
100,0.25,-0.14,-0.49,-0.71,-0.26,0.85,-0.79,0.45,-0.3,0.51,0.85,0.88,0.84,0.87,0.86,0.89,0.92,0.86,0.98,0.86
101,-0.62,-0.84,-0.39,-0.42,0.92,1.02,-0.29,-0.23,0.9,-0.27,0.89,0.69,0.99,1.36,0.71,0.59,1.02,1.11,1.15,0.86
102,0.51,-0.67,-0.03,-0.25,-0.5,1.02,-0.16,0.27,0.18,0.62,0.95,0.91,0.88,0.88,1.05,0.8,1,0.9,0.89,0.81
103,0.09,0.37,-0.26,-0.13,-0.18,-0.72,-0.27,0.08,-0.46,0.03,0.84,0.85,0.84,0.81,1,0.86,0.92,0.9,0.89,0.9
104,0.84,-0.11,0.35,0.48,-0.54,-0.02,-0.67,0.47,-0.55,-0.19,0.86,0.87,0.89,0.86,0.96,0.72,0.89,0.83,0.92,0.91
105,0.81,-0.68,0.18,-0.7,0.33,0.99,-0.6,-0.06,0.19,0.79,1.01,0.76,0.81,0.84,0.84,0.74,0.68,0.81,0.96,0.79
106,1.08,0.62,0.16,-0.3,-0.01,0.47,-2.02,-0.07,-0.57,0.75,0.59,0.46,1.19,0.4,0.99,0.67,1.13,1.22,0.96,0.85
107,-0.73,0.05,-1.18,-0.76,0.39,-0.23,0.09,-0.09,-0.5,0.65,0.7,0.9,0.89,0.7,1,0.77,0.83,0.96,0.84,0.77
108,0.23,-0.24,-0.94,-0.77,0.04,1.32,-0.49,-0.24,-0.55,1.33,0.53,0.66,1.26,0.96,0.95,0.47,0.83,0.92,0.95,0.83
109,0.21,-0.53,-0.2,-1.3,0.34,0.17,-0.44,-0.3,0.42,0.53,0.93,0.83,0.85,0.89,0.74,0.87,0.89,0.87,1.05,0.91
110,-1.19,-0.66,-1.43,-0.19,0.38,1.22,0.59,-0.71,0.59,0.85,0.55,0.32,0.51,0.73,0.66,0.6,0.49,0.63,0.88,0.74
111,0.33,1.87,-0.65,0.16,-0.42,-0.81,-0.66,-0.69,-0.59,0.13,0.83,0.96,1.1,0.58,0.94,1.03,0.71,0.86,0.77,0.88
112,-0.47,-0.75,-0.18,0.1,0.5,0.94,0.02,-0.48,0.64,0.35,0.89,0.9,0.79,0.92,0.93,0.78,0.85,0.95,0.96,0.93
113,-0.04,0.19,-0.52,-0.11,0.16,0.84,-1.01,-0.85,0.3,0.27,0.86,0.92,0.82,0.92,0.9,0.81,0.77,0.85,0.89,0.84
114,-1,-0.55,-0.62,-1.23,0.56,-0.09,0.56,0.54,0.07,0.19,0.86,0.94,0.91,0.87,0.87,0.83,1.09,1,0.94,0.84
115,0.25,0.38,-0.14,0.19,0.42,-0.27,-0.26,-0.85,-0.5,0.86,0.93,1.02,0.87,0.89,0.9,0.84,0.85,0.9,0.92,0.92
116,0.4,-0.82,-0.26,-0.9,-0.2,0.75,-0.39,0.72,0.01,0.37,0.86,0.8,0.82,0.84,0.89,0.86,0.83,0.86,0.8,0.92
117,1.39,0.39,0.26,-0.36,-0.35,-0.38,-1.36,-0.61,-0.46,0.3,0.78,1.08,0.7,0.99,0.77,0.86,0.85,1.01,0.99,0.91
118,-0.41,-0.67,-0.43,-1.77,0.37,0.27,0.06,0,0.6,0.68,0.96,0.83,0.97,0.96,0.97,0.78,1.04,0.87,0.93,0.92
119,0.29,-1.47,-0.32,-0.17,-0.67,-0.21,0.08,0.17,0.12,0.24,0.89,0.86,0.61,1.28,0.58,1.09,1.54,0.95,0.88,0.98
120,-0.06,-0.47,-0.21,-0.98,-0.29,0.41,-0.14,0.43,0.46,0.17,0.94,0.85,0.83,0.83,0.95,0.86,0.74,0.89,0.97,0.95
121,-1.09,0.26,-1.81,-1,0.69,2.08,-0.51,0.35,0.36,-0.51,0.2,0.77,0.79,0.9,0.63,0.37,0.79,0.2,0.06,0.5
122,1.19,0.04,0.12,-0.24,-0.99,-0.38,-1.12,-0.15,-0.51,0.64,0.9,0.85,1.14,0.87,0.98,0.86,0.74,1.18,0.94,0.82
123,0.51,-0.37,0.68,0.03,0.35,-1.01,-0.25,-0.3,0.04,-0.18,0.87,0.9,0.88,0.84,0.89,0.9,0.89,0.94,0.96,0.96
124,-0.54,-0.3,-0.33,0.17,0.7,0.39,0.28,-0.85,0.48,0.27,0.89,0.93,0.9,0.86,0.97,0.8,0.88,0.92,1.01,0.91
125,-0.27,-0.28,0.19,0.15,0.69,0.83,-0.69,-0.33,0.24,-0.25,0.79,0.87,1.01,0.99,0.93,0.77,0.86,0.95,1.04,1.02
126,-0.13,-0.11,-0.86,0.39,-0.88,0.94,0.02,-0.8,0.9,0.39,0.98,0.85,0.73,0.79,1.07,0.86,0.89,0.83,1.01,0.76
127,1.24,-0.47,0.21,-0.23,-0.85,0.28,-0.71,-0.12,-0.31,0.25,0.97,0.64,0.72,1.1,0.55,0.77,0.8,1.6,0.71,0.59
128,0,-0.06,-0.53,0.2,-0.46,1.48,-0.8,-0.03,0.33,-0.03,0.93,0.86,0.84,0.85,1.05,0.71,0.74,0.78,0.92,0.78
129,-0.01,-0.3,0.18,-0.15,-0.08,-0.79,0.31,0.12,-0.07,-0.37,0.87,0.89,0.89,0.86,0.9,0.88,0.84,0.88,0.88,0.95
130,-1.09,0.05,-1.62,-0.39,-0.13,0.12,-0.37,-1.54,0.69,0.9,0.59,0.61,0.12,0.54,0.59,0.16,0.31,0.45,0.93,0.86
131,-0.51,-0.07,-0.39,-0.86,1.03,0.52,-0.54,0.04,-0.73,0.42,0.76,0.61,0.82,0.72,0.6,0.85,0.5,1.13,0.69,0.44
132,1.36,0.55,-0.04,0.03,-1.21,-0.24,-1.01,-0.15,-0.26,0.11,0.84,0.9,0.9,0.81,0.79,0.7,0.82,0.92,0.96,0.92
133,-0.64,-0.9,0.12,-0.18,0.8,0.95,-0.06,0.03,0.66,-0.4,0.99,0.76,0.9,0.94,0.95,0.73,0.87,0.84,0.91,0.76
134,-0.01,-0.44,-0.93,-0.09,-0.17,1.06,-0.31,-0.9,0.42,0.92,0.83,0.87,0.99,0.99,0.98,0.65,0.86,0.88,1.15,1.06
135,0.71,0.95,-0.57,-0.44,0.19,0.03,-1.4,-0.49,-0.77,0.85,0.99,1.1,0.9,0.94,1,0.71,0.86,0.92,0.87,0.96
136,-0.29,-0.7,-0.05,-0.23,0.35,1.4,-0.78,-0.27,0.99,-0.24,0.84,0.7,0.85,0.78,0.86,0.87,0.74,1.02,0.99,0.9
137,-0.01,-0.09,-0.37,-0.46,0.51,-0.37,-0.67,-0.79,-0.51,0.51,0.66,0.83,0.72,0.78,0.7,0.76,0.81,0.65,0.74,0.78
138,-0.24,-0.08,-0.35,-0.12,-0.01,0.7,0.08,-0.02,-0.59,0.92,0.78,0.89,0.79,0.96,1,0.76,0.7,0.99,0.66,0.77
139,0.04,-0.31,0.13,-0.16,0.61,-0.22,0.3,-0.5,0.06,0.58,0.86,0.89,0.88,0.84,0.89,0.79,0.87,0.86,0.82,0.84
140,0.74,-0.63,0.75,0.31,-0.52,-0.2,-0.14,0.6,0.01,-0.55,0.89,0.87,0.95,0.86,0.95,0.76,0.92,0.9,1,0.98
141,0.55,-0.73,0.35,0.55,-0.28,-0.58,-1.08,-0.37,-0.12,-0.02,0.56,0.33,0.78,0.73,0.51,0.9,0.88,0.68,0.67,0.48
142,-0.26,1.36,-0.87,0.73,0.06,0.53,-0.49,-0.51,-0.33,0.1,1.2,0.93,0.66,0.55,0.66,0.83,1.05,0.68,0.75,1.07
143,1.53,0.01,-0.08,0.5,-1.29,0.32,-1.65,0.32,-0.59,0.29,0.72,0.93,0.93,0.82,1.07,0.76,0.79,0.85,1,0.78
144,0.58,1.74,-0.76,1.1,-1.09,0.41,-1.36,-1.14,-0.06,-0.08,0.34,0.79,0.84,0.55,0.29,0.22,0.59,0.73,0.53,0.51
145,-0.13,-0.15,-0.32,0.45,0.63,0.95,-0.45,-0.78,-0.2,0.54,0.84,0.93,0.89,0.92,0.89,0.77,0.82,1.02,0.98,0.92
146,-0.25,0.36,-0.66,0.27,0.54,-0.14,-0.55,-1.24,-0.27,0.37,0.66,0.96,0.91,0.57,0.9,0.85,0.66,0.81,0.79,0.72
147,1.08,0.48,-0.8,-0.96,-2.04,0.61,-1.21,0.37,-1.28,1.84,0.33,0.65,0.47,0.7,0.15,0.08,1.38,0.2,0.64,0.62
148,0.11,-1.05,0.03,-1.37,0.48,0.89,-0.44,0.22,0.34,0.46,0.64,0.78,0.6,0.76,0.58,0.71,0.82,0.74,0.77,0.71
149,-1.17,-1.25,-2.28,1.34,-0.82,0.15,-1.01,1.54,0.25,2.35,1.41,0.37,1.08,1.29,0.26,0.81,1.22,2.57,0.37,0.75
150,-1.19,-0.6,-0.62,-0,0.27,1.15,0.32,0.19,0.48,-0.36,0.83,0.72,0.83,0.69,0.89,0.81,1.04,0.79,0.79,0.75
151,-0.38,-0.28,-0.75,-0.65,0.24,0.45,-0,0.23,-0.14,0.13,0.62,0.99,0.73,0.82,0.9,0.81,0.85,0.83,0.73,0.72
152,-0.23,0.84,-0.66,0.72,-0.34,1.17,-0.44,-1.23,-0.52,0.47,0.62,1.12,0.82,0.53,0.79,0.66,0.68,0.65,0.95,0.86
153,-0.32,-0.03,-0.34,0.51,-0.02,0.93,-0.28,0.01,0.14,-0.35,0.87,0.9,0.93,0.81,0.85,0.81,0.83,0.84,0.91,0.88
154,-0.06,-0.26,-0.58,-1.42,0.06,0.66,-0.57,0.49,0.06,0.35,0.99,0.84,0.9,0.8,1.07,0.95,0.8,0.93,1.08,0.87
155,-1.12,-0.73,-1.02,-0.53,1.47,-0.04,0.15,-1.27,0.38,0.29,0.51,0.78,0.7,0.71,0.76,0.99,0.56,0.53,1.3,0.86
156,-1.18,0.32,-1.88,-0.23,1.16,0.06,-0.09,-0.78,-1.7,1.84,0.83,0.64,0.42,0.28,0.72,0.48,1.59,0.73,0.64,0.66
157,-0.85,0.66,-1.3,0.42,-0.2,0.44,0.03,-0.8,0.2,0.56,0.93,0.82,0.78,0.92,0.78,0.88,1.02,1.05,0.86,0.76
158,-1.82,-0.71,-1.18,-0.25,0.39,0.61,0.77,-0.51,1.08,-0.42,0.89,0.66,0.77,1.09,0.79,1.14,0.84,1.15,1.13,0.8
159,-0.83,0.23,-1.47,-0.57,-0.41,0.72,-0.36,-0.64,0.58,0.14,1.08,0.62,0.85,0.77,0.57,0.94,1.1,0.93,0.66,0.53
160,-0.39,0.17,-0.85,-0.42,0.44,0.07,-0.28,-0.42,-0.4,1.38,0.99,0.7,0.93,0.77,1.09,0.84,1.01,0.93,0.88,1.07
161,-0.27,-0.15,-1.18,-0.28,-0.25,0.85,-0.16,-1.28,0.87,0.95,0.82,0.83,0.74,0.56,0.81,0.56,0.68,0.64,0.56,0.81
162,-0.86,0.23,-0.82,-1.5,1.33,-0.15,-0.21,-0.24,-0.21,0.37,0.96,1.12,0.86,0.9,0.81,0.87,1,0.91,1.09,0.79
163,-0.69,0.54,-0.78,-0.26,0.56,-0.28,0.01,-1.04,0.53,-0.45,0.8,0.66,0.66,0.55,0.63,0.79,0.52,0.59,0.73,0.79
164,-1.36,-0.1,-1.2,-0.31,0.3,1.43,0.02,-0.01,0.32,-0.4,0.43,1.22,0.62,1.07,0.5,0.77,0.72,0.9,0.81,1.15
165,-1.39,-0.05,-1.63,-0.52,0.78,1.25,-0.29,-0.85,0.02,0.97,0.6,0.73,0.65,0.5,0.84,1.07,0.88,0.86,0.61,0.46
166,0.68,1.03,-0.23,-0.18,-0.56,0.26,-0.93,-0.17,-0.72,0.5,0.87,0.86,0.97,0.89,1.03,0.83,0.83,0.84,0.91,0.87
167,-0.19,0.19,-0.85,-1.08,-0.29,0.29,-0.46,0.23,-0.18,0.7,0.99,0.91,0.8,0.76,0.88,0.88,0.74,0.9,0.89,0.92
168,-2.07,-0.39,-1.41,-1.82,1.85,1.56,0.9,0.08,0.66,1.02,1.13,0.77,0.56,0.12,0.7,1.2,1.23,1.15,0.12,0.49
169,0.45,-0.99,0.62,-0.72,0.24,0.96,-0.62,0.27,0.27,0.2,1.12,0.72,0.85,0.73,0.74,0.88,0.85,0.79,0.93,0.77
170,-0.02,0.03,-0.76,-1.32,0.45,0.33,-1,-0.13,-0.2,0.83,0.84,0.93,0.86,0.78,0.83,0.72,0.89,0.83,0.99,0.95
171,-0.02,0.13,-0.56,-0.47,-0.19,-0.78,-0.22,0.09,-0.47,0.26,0.89,0.83,0.93,0.88,0.95,0.93,0.88,0.98,0.79,0.96
172,-0.41,-0.46,-0.48,-0.37,0.22,1.24,-1.19,-0.52,0.37,0.45,0.9,0.92,0.99,0.94,0.81,0.84,0.83,1.05,1.32,1.14
173,-0.03,-0.37,-0.64,-0.52,0.65,-0.2,0.28,-0.73,-0.3,0.95,0.97,0.98,0.6,0.72,1.02,0.67,0.81,0.88,0.98,0.78
174,0.28,-0.42,-0.18,-0.39,-0.01,0.46,-0.22,-0.48,0.21,1,0.9,0.91,0.77,0.86,0.84,0.76,0.72,0.76,0.94,0.8
175,-0.88,-1.21,-0.17,-0.86,1.19,0.55,-0.13,0.02,0.04,-0.04,0.67,0.71,0.94,0.78,0.8,0.76,1.13,0.95,0.93,0.67
176,-0.13,-0.85,-0.9,-1.29,0.34,0.33,0.22,0.73,-0.56,0.67,0.88,0.89,1.01,1.02,0.95,0.86,0.86,1.05,1.31,0.88
177,-0.19,-0.43,-0.36,-0.24,0.12,0.89,-0.5,-0.7,1.01,-0.11,1.01,0.82,0.89,0.89,0.82,0.7,0.78,0.74,0.86,0.77
178,-0.41,-0.68,-0.6,-0.3,-0.12,0.56,0.73,0.23,0.04,0.69,0.85,0.83,0.79,0.85,1.04,0.87,0.87,1.07,0.9,0.86
179,0.75,-0.19,0.1,0.05,0.16,0.11,-1.11,-0.78,-0.34,-0.01,1.86,0.96,0.41,0.62,0.53,1.02,0.29,0.66,1.07,0.84
180,0.44,-0.92,0.01,0.18,-0.6,0.03,-0.32,0.52,-0.26,-0.13,0.72,0.96,0.89,0.91,1.27,0.84,0.85,0.83,0.92,1.15
181,-0.4,0.1,-0.66,0.1,-0.17,-0.47,0.24,-0.71,0.8,-0.51,0.91,0.92,0.68,0.8,0.81,0.95,0.66,0.74,0.84,0.87
182,-0.59,-1.05,-0.39,-0.72,0.2,0.37,0.3,0.78,-0.06,0.2,0.95,0.72,0.82,0.78,0.89,0.91,0.9,0.85,0.91,0.87
183,0.34,0.05,-1.04,-0.76,0.38,0.56,-1.01,-0.62,-0.62,1.51,0.94,0.88,1.02,0.74,0.91,0.86,0.84,0.96,0.85,0.75
184,-1.54,-1.07,-0.98,-0.47,0.6,1.13,0.36,-0.6,0.77,0.27,1.05,0.71,0.64,0.66,1.09,0.41,0.91,0.68,0.78,1.13
185,0.08,0.15,-1.15,-0.5,-0.33,1.29,-0.75,0.32,-0.29,1.02,0.88,0.94,0.89,0.95,0.82,0.98,0.82,0.93,0.73,0.96
186,-0.51,-0.51,-1.69,-1.53,-0.29,0.89,0.83,-2.23,1.57,0.9,0.29,0.22,0.92,0.64,0.96,0.84,0.6,0.56,0.09,0.53
187,-0.08,0.75,-1.02,0.61,0.29,0.13,-0.8,-0.88,-0.67,1.26,0.88,0.82,1.01,1.09,0.73,0.82,0.96,1.02,0.91,0.78
188,0.39,-0.63,-0.44,-0.99,0.12,0.69,-0.96,-0.24,-0.47,0.91,1,1.02,0.52,0.77,0.97,0.87,0.67,0.79,0.73,0.94
189,0.24,-0.93,-0.13,-0.01,-0.66,-0.19,0.3,0.41,-0.06,0.25,0.9,0.85,0.58,0.79,1.27,0.65,0.98,0.87,0.83,1.1
190,-0.68,-0.71,-0.2,-0.98,0.99,-0.25,0.1,-0.16,0.1,0.32,0.86,0.85,0.9,0.83,0.85,0.87,0.97,0.99,0.95,0.92
191,0.3,-0.32,-0.19,-1.09,0.59,0.86,-1.02,0.16,-0.05,0.56,0.68,0.91,0.88,0.76,1.02,0.83,1,0.96,1.1,0.86
192,0.35,0.46,-0.65,0.07,0.23,1.45,-1.37,-0.41,-0.4,0.04,0.49,0.75,0.43,0.35,0.49,0.41,0.35,0.64,0.6,0.6
193,-0.02,0.33,-1.43,-0.99,-0.34,0.41,0.06,-0.23,-0.68,1.54,0.99,0.71,0.61,0.58,0.85,0.94,0.87,1.11,0.71,0.65
194,-0.22,0.29,-1.24,-0.78,0.54,0.64,-0.76,-0.87,-0.79,1.61,0.89,0.71,0.58,0.61,0.76,1.18,0.58,0.83,0.87,0.56
195,-0.19,-0.28,0.25,-0.32,0.48,-0.99,0,-0.39,0.12,-0.07,0.82,0.89,0.8,0.49,0.87,1.16,0.76,0.75,0.73,0.76
196,-0.24,-1.71,-1.57,0.33,-0.44,1.55,-0.42,-0.75,0.26,1.41,1.03,0.71,0.41,1.05,0.86,0.98,0.59,1.29,0.49,0.92
197,-0.09,-0.02,-1.22,-0.53,0.16,0.76,-0.33,-1.32,-0.28,1.53,0.8,0.67,0.77,0.88,0.48,0.85,0.39,0.67,0.52,0.61
198,-0.68,-0.79,-0.88,0.31,0.34,0.96,0.41,-0.76,0.41,0.16,0.78,0.88,0.63,0.97,0.84,0.69,0.75,0.92,0.88,0.78
199,-0.08,0.87,-0.6,1.21,0.27,0.57,-1.08,-0.54,-0.83,-0.44,0.59,0.69,0.99,1.16,0.97,0.64,0.86,0.65,0.62,0.49
200,0.18,0.04,-0.87,0.21,-0.59,1.46,-0.75,-0.34,0.17,0.58,0.88,0.93,0.76,0.77,0.92,0.8,0.85,0.8,0.9,0.84
201,-0.25,-0.94,-0.59,-0.6,-0.27,1.02,0.35,-0.41,1.07,0.96,0.63,0.27,0.51,0.53,0.49,0.74,0.94,0.74,0.38,0.58
202,-0.89,-0.12,-1.07,0.02,0.17,0.41,0.74,-0.61,0.3,0.44,0.76,0.67,0.83,0.81,0.82,0.78,0.96,0.91,0.9,0.73
203,-0.14,-0.9,-0.46,-1.13,-0.08,1.04,-0.29,0.75,0.2,0.35,0.72,0.73,0.97,0.8,1.04,0.78,0.8,0.85,0.93,0.78
204,-1.37,-0.78,-0.83,-0.53,1.06,0.83,-0.07,-0.53,0.56,0.27,0.85,0.79,0.69,1.05,1.15,0.67,0.75,1.14,0.72,0.9
205,0.38,0.64,0.5,0.02,-0.27,0.29,-1.6,-1.09,-0.29,0.03,0.72,0.83,0.75,1.27,0.61,0.45,0.58,0.75,1.03,0.69
206,0.17,-0.44,-0.14,-0.35,0.51,-0.45,-0.81,-0.61,-0.69,0.57,0.86,0.78,0.82,0.93,0.74,0.98,0.72,0.9,1.01,1.01
207,-0.17,-0.48,-1.22,-0.13,0.23,0.87,-0.33,-0.63,-0.19,1.09,1.01,0.99,0.67,1.07,0.82,0.78,0.69,0.58,0.9,0.91
208,0.11,0.15,-0.37,-0.19,-0.24,-0.65,-0.26,-0.18,-0.5,0.1,0.78,0.81,0.81,0.91,0.94,0.76,0.8,0.91,0.89,0.85
209,-1.14,0.21,-1.35,-0.05,0.37,0.81,0.06,-0.38,0.12,0.18,0.89,0.74,0.64,0.75,0.86,0.68,0.9,0.9,0.78,0.86
210,-0.81,-0.81,-1.07,-1.54,1.23,0.69,0.49,0.76,0.07,0.9,1.33,0.96,1.45,1.09,0.82,0.32,1.09,1.64,1.15,0.89
211,1.03,1.06,-0.29,0.09,-1.09,-0.14,-1.47,-0.05,-0.73,0.37,0.76,0.91,0.8,0.88,0.73,0.89,0.56,0.96,0.96,1.07
212,0.28,1.22,-0.89,-0.39,-0.36,0.11,-1.07,-0.25,-0.88,0.74,0.94,0.6,1.1,0.72,1.03,0.76,0.98,0.85,0.98,1.02
213,0.85,0.84,0.14,0.74,-0.38,0.28,-1.09,0.26,-0.82,-0.17,0.88,0.79,0.89,1.18,0.94,0.74,0.85,1.03,0.88,0.88
214,0.86,-0.44,-0.48,-0.88,-0.36,0.3,-0.72,0.38,0.52,-0.04,0.4,1.46,0.51,0.45,0.9,0.72,0.33,1.32,1.09,0.77
215,-0.8,-0.9,0.08,-0.98,1.35,0.72,0.19,0.02,0.05,-0.03,1,0.68,0.98,1.1,1.01,0.69,0.78,1,1.1,0.93
216,-0.04,1.47,-1.04,1.21,-0.12,0.32,-0.48,-1.2,-0.77,0.55,0.99,1,0.96,0.9,0.92,0.96,1.06,0.82,0.85,0.79
217,-1.33,-0.15,-1,0.01,0.07,0.42,0.59,-0.28,0.91,-0.26,0.74,0.99,0.84,0.82,0.95,0.78,0.85,0.83,0.8,0.86
218,-0.52,-1.95,-0.27,-0.08,-0.61,0.23,-1.4,-1.63,-0.05,2.39,0.79,0.85,0.78,0.81,0.79,0.78,0.83,0.85,0.83,0.83
219,-0.44,-0.19,-0.43,0.78,0.58,-0.67,-0.03,-1.35,0.6,-0.41,0.52,0.95,0.93,1.16,0.71,1.09,0.75,0.87,0.55,0.74
220,0.38,-0.12,-0.09,0.84,-0.45,0.34,-0.54,-0.14,-0,-0.29,0.87,0.98,0.81,0.96,0.95,0.75,0.82,0.83,0.89,0.83
221,-0.27,-0.63,-1.03,-1.46,-0.31,1.33,0.39,0.7,0.22,1.02,1.08,0.88,0.89,1.09,0.8,0.95,0.81,0.85,1.02,0.94
222,0.11,-0.97,0.76,-0.5,0.7,0.22,-0.18,0.39,0.33,-0.07,0.79,0.85,0.69,0.76,0.89,0.77,0.69,0.83,0.92,0.81
223,-0.51,-0.56,-0.35,-0.06,0.47,0.43,-0.21,-0.49,0.54,0.02,0.75,0.77,0.57,0.61,0.8,0.67,0.66,0.56,1.19,0.79
224,0.12,-0.76,-0.06,-1.33,0.29,1.01,0.14,0.03,-0.14,1.05,0.94,0.89,0.69,1.07,0.71,0.83,0.79,0.86,0.87,0.65
225,-0.81,0.69,-1.32,0.11,0.03,0.02,-0.21,-0.75,-0.48,0.15,0.9,0.91,0.92,0.8,1.06,0.84,0.8,0.85,0.78,0.7
226,0.03,1.23,-0.87,1.1,-0.61,0.15,-0.54,-0.72,-0.56,0.1,1.11,0.83,1.18,0.85,1.01,0.83,0.99,0.8,0.95,1
227,0.47,1.45,-0.65,0.71,-0.13,-0.28,-0.56,-0.73,-1.19,0.84,0.94,1.09,0.65,0.84,0.88,0.9,0.98,0.77,1.01,0.95
228,-0.64,0.75,-1.07,0.01,-0.02,-0.23,0.34,-0.47,-0.21,0.78,0.96,0.9,0.74,0.6,1,1.09,0.78,0.64,0.74,0.96
229,-0.17,0.48,-1.39,-1.67,-1.85,0.61,1.27,1.02,1.2,1.38,0.79,0.82,0.81,0.82,0.78,0.73,0.82,0.84,0.83,0.83
230,-0.77,-0.2,-0.72,-0.58,0.29,0.04,0.89,-0.14,0.28,0.55,0.95,0.98,0.84,0.87,0.87,0.83,0.87,1.04,0.9,0.74
231,-0.47,0.31,-1.28,-0.27,-0.19,-0.01,0.12,-0.13,-0.32,1.03,0.72,0.94,0.76,0.68,0.81,0.73,0.53,0.82,0.79,0.78
232,-0.55,-0.42,-1.14,-0.32,0.3,0.09,-0.89,-0.92,-0.44,1.02,0.52,0.86,0.73,0.64,1.58,0.58,0.53,0.55,1.23,0.99
233,0.34,0.54,-0.55,-0.69,-0.07,0.32,-1.01,-0.17,-0.58,0.78,0.66,0.44,0.94,0.81,0.58,0.9,0.76,0.59,0.86,0.65
234,0.04,-0.3,-1.89,0.22,-0.17,1.47,-1.62,-0.79,-0.52,0.91,1.13,0.89,1.09,0.98,0.75,0.89,1.45,0.5,1.51,0.37
235,-1.03,-1.21,-0.73,-1.54,0.81,1.12,-1.72,0.46,0.93,0.86,0.3,0.11,0.96,0.38,0.17,0.78,0.83,0.38,0.54,1.04
236,0.41,-0.42,0.44,-0.1,0.87,0.32,-0.9,0.03,-0.62,0.29,0.99,0.9,0.81,0.94,0.98,0.74,0.79,1.02,0.91,0.9
237,-0.05,-0.49,-0.64,-0.82,-0.12,1.3,-0.06,0.09,0.28,0.65,0.9,0.83,0.69,0.86,0.86,0.6,1.08,0.89,0.93,0.7
238,0.21,-0.3,-1.71,-0.07,-0.18,1.21,-1.31,-0.67,-0.1,1.2,0.86,1.2,1.02,0.58,0.56,0.73,0.73,0.84,0.71,0.37
239,-1.63,-0.45,-1.8,0.13,0.38,1.87,-0.44,-0.37,-0.59,1.02,1.21,1,0.39,0.45,1.32,1.3,0.46,0.55,0.46,0.63
240,0.08,0.03,-1.91,-0.94,-0.16,-0.58,-1.05,0.51,-1.95,3.09,0.79,0.84,0.75,0.82,0.85,0.77,0.84,0.82,0.83,0.82
241,-0.67,0.29,-1.53,-0.24,0.5,0.47,-0.32,-0.95,-0.18,1.04,0.92,0.94,0.69,0.74,0.8,0.9,0.88,0.77,0.76,0.75
242,-1.12,-1.39,-0.54,-0.57,1.06,1.25,-0.37,0.03,0.49,-0.2,1.05,0.64,0.55,0.88,0.66,0.81,0.73,0.76,0.75,0.62
243,0.38,1,-0.54,1.17,-0.15,0.85,-0.79,-0.55,-0.71,0.65,1.06,0.61,0.65,0.9,0.99,0.94,0.56,0.75,1.1,0.63
244,-0.47,-0.53,-0.9,-1.43,-0.21,0.47,0.14,0.23,0.14,0.59,0.89,0.83,1,0.82,0.73,0.82,0.67,0.83,1.08,0.94
245,-1.07,0.24,-1.08,-0.64,0.82,1.5,-0.37,-0.09,0.2,-0.34,0.81,1.07,0.86,0.71,0.68,0.88,0.77,1.31,0.93,0.87
246,-1.07,-0.4,-0.13,-2.09,1.46,1.5,0.65,0.72,-0.38,0.67,0.8,0.85,0.75,0.79,0.86,0.77,0.77,0.79,0.84,0.78
247,-0.13,-0.33,-0.69,-1.35,0.44,1.1,-0.74,0.07,0.12,0.69,0.96,0.84,0.72,0.94,0.89,0.73,0.83,0.92,1.02,0.79
248,1.3,-0.49,0.5,-0.3,-1.19,-0.37,-0.98,0.18,0.35,-0.15,0.89,0.75,1.07,0.73,0.87,0.75,0.67,0.9,0.87,0.88
249,-0.78,0.9,-2.34,-1.26,0.3,0.84,-1.29,-0.56,0.67,0.59,0.68,0.27,0.47,0.41,0.72,0.81,0.72,0.28,0.44,0.37
250,0.78,-0.03,-0.38,-0.61,-0.7,-0.28,-0.98,-0.23,-0.35,0.35,0.78,0.96,1,0.86,0.94,0.62,0.74,0.87,0.86,0.63
251,-0.94,-0.35,-0.55,-0.66,0.78,0.39,0.43,-0.96,0.4,0.45,0.71,0.88,0.63,0.69,0.96,0.83,0.65,0.79,0.85,0.71
252,0.66,0.24,-1.46,0.55,-1.9,-0.02,-1.61,-1.1,0.37,0.49,0.58,0.59,0.53,0.45,0.89,0.4,0.42,0.13,0.87,0.71
253,-1.33,0.03,-0.78,-0.56,0.97,0.57,0.07,-0.89,0.35,0.15,0.94,0.97,0.85,0.64,0.71,0.67,0.9,0.76,1.23,0.98
254,-1.37,-1.22,-1.49,-0.05,0.25,0.04,0.83,-0.29,0.15,0.06,0.91,0.57,0.61,1.11,0.79,0.65,1.06,0.84,0.9,0.79
255,-0.57,-0.52,-1.12,-0.79,-0.08,0.71,0.39,0.53,0.09,0.85,0.52,0.82,0.76,0.63,0.82,0.63,1.03,0.78,0.99,0.74
256,-0.23,0.87,-1.22,-0.63,0.36,-0.16,-1.25,0.66,-1.25,0.86,0.49,0.58,0.99,0.85,0.5,0.43,1.4,0.66,0.46,0.43
257,-0.18,-1.43,-0.69,-1.23,0.31,0.93,-0.77,0.41,0.17,0.87,0.77,0.72,0.96,0.65,1.04,0.79,0.86,0.5,0.92,0.88
258,-1.6,0.05,-1.2,-0.31,0.07,0.46,0.47,-0.02,0.91,-0.64,0.63,0.85,0.44,0.79,0.91,0.85,1.1,0.6,1.32,0.77
259,-0.4,0.35,-1.2,-0.27,-0.08,-0.34,-0.4,0.11,-0.77,0.66,0.91,0.91,1.17,0.76,0.75,0.69,0.96,0.71,0.97,0.89
260,-0.77,-0.48,-1.03,-0.64,-0.22,0.71,0.06,-1.09,1.51,0.15,0.93,0.78,0.57,0.62,0.49,0.71,0.43,0.88,0.87,0.89
261,-1.49,-0.26,-0.98,-0.38,0.28,0.42,0.44,-0.09,1.11,-0.32,0.86,0.79,0.9,0.78,0.7,0.71,1.05,0.69,0.87,0.91
262,0.1,-1.16,-0.09,-1.19,0.81,0.92,-0.75,0.38,0.18,0.38,0.68,0.93,0.79,0.96,0.76,0.86,0.93,0.81,0.91,0.77
263,-0.52,-0.08,-1.25,-0.28,0.85,0.49,-0.92,-0.51,-0.57,1.09,1.02,0.93,0.47,0.47,0.68,0.74,0.59,0.82,0.73,0.48
264,-0.67,0.55,-1.76,0.7,-0.6,0.07,0.24,-1.16,-0.47,1.07,0.82,1.19,0.84,0.5,0.92,0.86,0.74,0.43,0.57,0.66
265,-1.3,1.42,-1.57,0.19,-1.05,1.43,0.16,-0.29,1.08,0.6,0.76,1.08,0.81,0.32,0.9,1.31,1.1,1.44,1.46,1.38
266,-0.51,-0.63,-0.22,-0.83,-0.21,-0.52,0.52,0.39,0.08,-0.02,0.74,1,1.11,1.08,0.83,0.74,0.89,0.99,1.14,0.95
267,-1.76,0.2,-1.96,-0.58,0.04,1.88,-0.65,-0.63,0.09,0.46,1.01,0.46,0.75,0.01,0.82,0.04,1.33,1.21,1.25,1.62
268,1.01,-0.22,-0.29,0.54,-0.31,0.57,-1.5,-1.43,-0.38,0.27,0.54,0.55,0.82,1.44,1.12,0.8,0.94,0.68,0.87,0.94
269,0.72,-0.22,0.12,-0.32,-0.35,-0.25,-0.59,0.33,-0.28,-0.02,0.9,0.84,0.93,0.79,1.22,0.9,1.1,1.13,0.69,0.98
270,0.97,0.97,-0.69,0.19,0.22,0.47,-1.79,-1.18,-1.38,1.44,0.91,1.02,0.59,1.23,0.92,0.82,0.68,0.91,0.7,0.67
271,0.41,-0.12,-0.59,-0.56,-0.72,-0.5,-0.85,0.03,-0.89,0.63,0.61,0.54,0.25,0.55,1.1,0.3,0.54,0.7,0.46,0.24
272,-1.43,-0.53,-1.05,-1.07,0.92,0.86,-0.01,-0.21,1.01,0.63,0.94,0.64,0.78,0.67,0.53,0.54,0.71,0.72,0.87,0.73
273,0.09,-0.77,-0.51,-0.93,-0.07,1.13,-0.6,0.14,0.5,1.09,0.76,0.64,0.82,1.01,0.72,0.39,0.84,0.94,0.71,0.73
274,-0.75,-0.73,-0.83,-0.01,1.1,1.07,-0.18,-0.72,0.32,0.44,0.87,0.71,0.79,1.02,0.79,0.93,0.66,0.9,0.77,0.78
275,0.9,-0.15,-0.43,-0.72,-0.26,0.09,-1.52,-0.53,-0.2,0.7,0.77,0.6,0.63,0.9,0.63,0.74,0.61,0.76,0.88,0.82
276,-0.38,0.04,-1.09,-0.71,0.46,1.04,-1.13,-0.66,-0.08,0.57,0.69,0.82,0.84,0.78,0.93,0.7,0.78,0.7,0.86,0.88
277,0.39,-1.23,-1.29,-0.95,0.16,1.04,-0.84,-0.52,-0.29,2.09,0.45,0.65,0.67,1.02,0.44,0.28,0.44,1.04,0.98,0.56
278,1.44,0.83,-0.16,0.33,0.46,-0.57,-1.21,0.45,-1.58,1.33,1.66,0.87,0.95,0.95,1.25,0.93,0.76,1.13,0.7,0.63
279,0.67,0.86,0.52,0.21,0.54,-0.15,0.2,-1.39,-0.87,0.89,0.89,0.76,1.13,0.5,0.66,0.96,1.05,0.84,0.67,0.66
280,-0.65,-0.02,-2.35,-0.47,-0.19,2.11,-0.1,-0.51,-0.26,1.27,0.72,1.16,0.83,0.74,1.02,0.92,1.19,0.88,0.72,0.96
281,0.92,1.25,-0.99,0.62,-1.04,0.36,-0.82,-1.15,-0.45,0.91,0.68,0.26,1.07,0.54,0.87,0.57,0.82,0.9,1.17,0.59
282,-0.91,0.17,-0.96,-0.3,0.84,0.52,-0.43,-0.6,0.18,0.3,0.91,0.97,0.85,0.85,0.86,0.81,0.79,0.91,0.94,0.8
283,-0.28,-0.14,-0.96,-0.89,0.36,1.11,-1.12,-0.73,0.33,0.5,0.96,0.7,0.76,0.6,0.61,1.03,0.61,0.93,0.81,0.69
284,1.08,0.89,-0.71,-0.44,-1.16,-0.2,-0.69,-1.26,-0.2,1.95,0.76,0.49,0.47,0.49,0.87,0.98,0.7,0.66,0.94,0.23
285,0.96,0.26,0.48,-0.32,-0.06,1.25,-2.5,0.08,-0.35,0.16,1.44,1.55,0.64,1.72,0.34,1.05,0.29,1.01,1.07,0.82
286,-0.96,-0.36,-1.82,-0.86,0.43,1.28,-0.27,0.65,-0.03,1.01,0.61,0.69,0.84,0.51,0.77,0.81,0.61,0.71,1.06,0.7
287,-0.61,0.1,-0.33,-0.57,0.42,0.43,-0.23,0.75,-0.52,0.1,1.02,0.89,0.67,0.75,0.91,0.97,0.91,0.75,0.95,1.34
288,-0.73,-0.3,-1.93,-0.84,-0.22,1.66,-0.3,-0.16,-0.39,0.48,0.92,1.01,1.01,0.6,0.61,0.72,0.85,0.87,0.7,0.64
289,-1.34,-1.11,-1.1,-0.4,0.65,0.61,0.09,-0.61,0.87,0.34,0.93,0.82,0.69,0.8,0.95,0.64,0.84,0.92,0.85,0.68
290,-1.1,-0.42,-1.05,-0.65,0.75,0.69,0.46,-0.61,0.64,0.79,0.95,0.93,0.53,0.79,0.71,1,0.69,0.9,0.85,0.75
291,0.94,0.79,-1.04,-1.01,-0.43,-0.29,-2.09,-0.38,-1.05,0.47,0.73,0.65,0.56,1.08,1.24,1.36,0.91,0.31,1.08,0.98
292,-1.41,-0.81,-1.33,-0.35,0.02,1.38,0.4,0.77,0.52,0.27,0.63,0.76,0.75,0.77,1.16,0.79,0.72,0.61,1.3,0.93
293,-0.87,-0.4,-0.8,-0.04,0.64,0.6,0.19,-1.13,0.32,0.71,0.69,0.96,0.91,1.05,0.82,0.96,0.81,0.98,0.81,0.78
294,0.84,-0.03,-1.53,-0.46,-0.68,0.35,-1.02,-0.38,0.28,0.71,0.41,0.99,0.32,1.11,0.59,0.65,0.12,0.89,0.33,0.42
295,-0.09,0.43,-1.19,-0.27,-0.48,0.49,-0.35,-0.65,-0.54,1.2,0.79,0.78,0.92,0.8,0.85,0.71,0.86,0.96,0.97,0.9
296,0.14,1.36,-0.9,0.61,-0.97,1.47,-0.44,-0.77,0.26,0.44,0.88,1.19,0.87,0.57,0.95,0.97,0.79,0.89,1,0.85
297,-0.19,1,-0.93,0.03,0.16,0.94,-1.49,-0.73,0,0.46,1.07,0.92,0.94,0.79,0.85,0.85,0.8,0.68,1.02,0.97
298,-0.12,-0.8,0.29,-0.79,0.84,0.46,-0.05,0.25,-0.03,0.38,0.73,0.86,0.74,0.87,0.92,0.97,0.61,0.82,1,0.78
299,0.87,1.05,-0.49,-0.24,-0.45,0.45,-1.59,-1.33,1.06,-0.37,0.72,0.86,0.49,0.49,0.54,0.47,0.52,0.44,0.61,0.72
300,0.16,-0.53,0.06,0.75,-0.4,0.25,0.05,-0.06,0.38,-0.57,0.91,0.8,0.89,0.8,0.79,0.88,0.91,1.06,0.82,0.8
301,-1.04,-0.54,-1.1,-0.94,0.35,2.08,-0.13,-0.53,0.29,0.57,0.76,0.77,1.06,1.02,0.71,0.73,1.1,0.9,1.07,0.98
302,1.02,1.56,-1.26,-0.72,0.23,-0.73,-0.79,-0.53,-1.53,0.79,0.89,0.52,0.06,1.1,0.18,0.52,0.03,0.83,0.41,0.44
303,-1.41,-0.51,-1.46,-0.56,0.81,1.07,-0.36,-0.64,-0.1,0.58,0.83,0.97,0.8,0.61,0.98,0.46,0.77,0.73,1.06,0.74
304,-0.43,0.97,-2.06,-1.07,-0.22,1.73,-0.74,-0.32,-0.02,0.41,0.56,1.58,1.3,1.31,0.72,1.18,1.15,0.43,0.72,0.75
305,0.27,-0.08,0.56,-2.4,0.68,1.28,-0.54,-0.94,0.53,1.07,0.83,0.83,0.8,0.78,0.78,0.77,0.78,0.86,0.88,0.79
306,-1.11,-0.08,-0.81,0.15,0.47,0.25,0.9,-0.78,0.53,0.22,0.95,0.95,0.74,0.72,0.94,0.75,0.87,0.88,1.2,0.87
307,-0.53,0.64,-0.55,-1.53,1,0.86,-1.75,0.08,-0.33,1.06,0.97,1.2,0.68,0.46,1.11,0.74,0.14,0.94,0.85,0.94
308,-0.98,0.42,-2.05,-1.71,0.12,1.1,2.59,-0.19,0.49,0.49,0.8,0.79,0.74,0.82,0.79,0.76,0.8,0.78,0.86,0.79
309,0.12,0.81,-0.26,-0.08,0.22,0.57,-0.48,0.73,-0.47,0.23,0.74,1.12,0.86,0.78,0.74,0.91,0.81,0.62,0.8,1.27
310,-0.2,0.42,-1.85,-0.3,0.11,1.25,-0.54,-0.74,-0.84,1.17,1.03,0.55,0.61,0.75,0.8,0.57,0.28,0.51,1.59,0.47
311,0.73,0.74,0.01,0.22,0.45,-0.48,-1.24,-0.58,-1.03,0.44,0.91,1,1.04,0.9,1.01,0.93,0.77,0.85,0.86,0.84
312,-1.01,-0.52,-1.19,-0.04,-0.22,0.67,0.51,-0.18,1.31,0.46,0.93,0.75,0.47,1.33,0.91,1.02,0.75,1.02,0.89,0.5
313,0.33,-0.07,-0.07,-0.22,0.12,-0.37,-1.56,-0.93,-0.24,0.59,0.57,0.66,0.92,0.89,0.64,0.55,0.88,1.03,0.94,1.02
314,-0.45,-0.14,-0.94,-0.93,0.81,1.01,-0.76,-0.99,0.5,0.36,1.11,1.04,1.19,0.79,1.02,0.65,0.95,1.33,1.08,1.28
315,-1.24,0.37,-0.82,-0.95,0.73,0.84,0.56,0.37,-0.62,0.6,0.48,1.28,0.67,1.01,0.71,1.3,0.81,0.64,0.71,1.19
316,0.4,0.41,-0.64,0.46,-1.12,0.49,-0.99,-0.86,0.48,-0.04,0.75,1.18,0.95,0.97,0.59,0.75,0.64,0.81,0.77,1.22
317,-0.31,1.87,-0.67,-0.1,-1.3,0.02,-0.06,-1.25,-0.89,1.21,1.19,0.65,0.13,0.25,0.35,0.09,0.99,0.03,0,0.43
318,-0.34,-0.55,-2.59,0.54,-0.72,1.62,-2.22,-0.51,-1.83,1.82,0.35,0.35,0.17,0.55,1.14,0.47,0.14,0.22,0.68,1.09
319,-0.63,-1.29,-0.7,-0.44,-0.18,0.61,0.74,0.41,-0.02,1.06,1,0.75,0.73,0.71,1.01,0.9,0.83,0.65,0.74,0.82
320,-0.32,-0.44,-1.45,-0.42,-0.46,1.31,-0.11,-0.45,0.85,0.38,1.06,0.5,0.69,0.75,0.94,1.24,0.54,0.64,0.66,0.94
321,-0.65,-1.16,-2.01,0.28,-1.82,0.82,1.39,-0.3,0.88,1.24,0.8,0.83,0.81,0.76,0.79,0.72,0.81,0.81,0.83,0.79
322,0.26,1.36,-0.54,0.49,0.76,0.85,-1.03,-1.3,-0.02,-0.07,0.5,0.79,0.41,1.1,0.79,0.62,0.37,1.25,1.4,0.8
323,0.84,-1.81,-2.77,-0.06,-1.14,1.72,-1.57,-1.35,-1.22,1.88,0.85,0.42,0.58,0.68,0.83,0.33,0.52,1.11,1.23,0.92
324,1.58,0.05,0.86,0.68,0.05,-0.37,-1.49,-0.67,-0.37,-0.13,0.85,1.25,1.11,0.7,0.63,0.47,0.86,1.07,0.79,0.9
325,-0.11,0.11,-0.58,-0.63,-0.39,1.66,-1.06,-0.27,0.86,0.4,0.14,1.44,2.91,0.02,1.32,0.66,2.49,0.11,2.76,2.77
326,-0.61,-0.47,-1,-0.57,0.19,1.29,-1.29,-0.48,0.55,0.78,0.9,1.05,0.43,0.56,0.88,1.11,0.87,0.34,0.59,0.41
327,1,0.32,0.04,-1.19,-0.93,-0.08,-0.33,0.45,0.36,-0.12,0.81,0.95,0.94,0.97,0.87,0.56,0.73,1.2,0.66,1.34
328,-0.24,1.02,-0.91,0.47,0.07,0.47,-0.75,-0.74,-0.3,0.49,0.86,1.08,0.91,0.88,0.76,1.03,0.93,0.96,0.75,1
329,-0.14,-0.15,-1.44,-0.66,-0.46,0.98,-0.99,0.02,-0.38,1.02,1.08,0.73,0.9,0.83,0.93,0.69,0.86,0.73,0.71,0.77
330,-0.54,-0.96,-0.57,-0.38,1,0.45,-0.37,-0.25,-0.81,1.45,0.31,1.25,0.87,0.33,0.5,0.73,0.39,1.15,0.56,1.11
331,0.02,0.53,-1.66,-1.23,0.05,0.66,-0.7,-0.5,-0.66,1.37,1,1.17,0.52,0.48,0.9,0.65,0.52,0.63,0.84,0.85
332,-0.3,-0.01,-0.54,-0.66,-0.58,0.56,0.41,-0.15,0.48,0.56,0.8,1.06,0.84,0.74,0.89,0.83,0.91,0.91,0.95,0.75
333,-1.02,0.08,-1.07,-0,0.83,0.59,-0.24,-1.45,-0.27,1.03,0.79,0.83,0.79,0.78,0.76,0.75,0.9,0.72,1.1,0.68
334,-0.42,-0.08,-1.11,-1.37,-0.13,0.5,-0.39,0.26,-0.16,0.88,0.91,0.81,0.86,0.86,0.76,0.83,0.84,1.07,0.98,0.96
335,-1.38,0.27,-1.24,-0.23,0.17,0.33,0.57,-0.55,0.48,-0.12,0.95,0.69,0.9,0.87,0.78,0.58,0.82,0.64,0.87,0.78
336,0.93,-0.44,-0.63,0.36,-0.62,0.12,-0.93,0.25,-0.79,0.77,0.62,0.86,0.79,0.65,0.87,0.96,0.72,1,0.89,0.79
337,-0.06,-0.51,-0.26,-1,0.16,-0.78,0.68,-0.46,-0.12,1.17,0.83,0.77,0.43,0.36,0.98,0.59,0.99,0.72,0.85,1.12
338,-1.37,0.92,-0.89,-0.63,0.48,0.02,-1.03,0.23,-0.78,1.01,0.51,0.71,0.52,0.9,1.13,0.47,0.94,0.66,0.4,0.59
339,-0.25,-0.39,-1.27,-0.31,0.63,1.34,-1,-1.2,-0,1.02,0.74,0.86,0.86,0.97,0.99,0.71,0.96,1.03,1.32,0.98
340,-0.7,1.39,-1.1,-0.47,0.69,0.52,-0.37,0.12,-0.6,0.05,0.58,1.33,1.03,0.88,0.92,0.42,1.12,0.68,1.25,1.42
341,-0.99,-0.68,-0.4,-0.45,1.22,1.24,0.64,-0.68,-0.2,0.22,0.95,0.8,0.9,0.59,0.81,0.89,1.42,0.77,0.58,0.92
342,-0.19,0.02,-0.94,-0.48,0.36,-0.71,-0.85,-0.56,-0.65,0.99,0.48,0.52,0.65,0.57,0.93,0.87,0.5,0.5,0.89,0.72
343,0.15,0.32,-0.58,0.96,0.04,1.54,-0.35,-0.65,-0.46,1.02,1.39,0.55,1.2,0.57,0.54,0.56,1.87,0.32,0.81,0.29
344,2.09,0.28,-0.48,-0.78,-0.7,0.18,-1.76,0.87,0.6,0.56,0.88,1.04,0.85,0.71,0.85,0.61,0.52,0.63,1.17,0.68
345,-0.96,0.26,-2.43,-0.03,-0.2,0.23,0.28,-1.12,-0.36,1.58,0.52,0.78,0.67,0.45,0.82,0.99,0.46,0.78,0.65,0.75
346,-1.58,0.17,-1.77,-0.23,0.38,0.75,0.14,-0.17,0.23,0.26,0.72,0.88,0.72,0.61,0.63,0.87,0.86,0.69,1.16,0.71
347,-1.09,-0.23,-0.92,0.39,-0.61,1.68,-2.55,-0.41,-0,1.31,0.85,0.85,0.79,0.81,0.83,0.78,0.8,0.84,0.82,0.79
348,0.86,1.13,-0.77,0.14,-0.71,0.45,-0.89,-0.58,-0.98,1.15,0.77,0.92,0.69,0.76,1.33,0.79,0.93,0.88,0.67,0.91
349,-1.89,-0.03,-2,-0.96,0.77,0.78,-0.04,0.15,1.13,-0.34,1.03,0.53,0.98,0.52,0.6,0.61,0.16,0.47,0.4,0.54
350,0.68,0.26,-1.06,0,0.59,0.14,-1.77,-0.45,-1.34,0.1,0.88,1.19,0.41,0.66,0.22,0.71,0.14,0.68,1.04,0.97
351,0.21,0.26,-1.15,-1.05,0.28,-0.23,-0.38,-1.15,-1.14,2.54,0.09,0.07,1.17,0.16,1.14,0.05,0.51,0.65,0,0.35
352,1.25,0.56,0.01,0.29,-1.02,-0,-2.04,0.22,-0.8,0.61,1.58,1.35,0.91,0.78,0.43,1.06,0.56,1.21,0.73,0.84
353,1.87,0.25,-1.85,0.89,-0.62,-0.36,-1.93,-1.07,-2.18,1.73,0.84,0.83,0.74,0.8,0.79,0.73,0.84,0.86,0.84,0.85
354,1.55,-0.15,-2.21,-2.27,-0.65,-0.36,-1.97,1.7,0.75,0.02,0.98,1.95,1.71,0.79,0.88,1.46,1.13,0.3,1.73,2.55
355,0.75,0.45,-0.14,0.42,-0.32,0.2,-0.67,-0.57,-1.21,1.37,0.79,0.92,0.88,1.2,1.01,0.57,0.49,0.89,0.91,0.91
356,-1.77,-0.34,-1.58,-1.29,0.79,1.1,0.64,-0.05,-0.27,0.99,1.03,0.73,0.54,0.66,1.02,0.92,0.41,0.88,1.13,1.04
357,0.79,-0.67,0.87,-0.31,0.12,0.03,-1.13,-1.22,0.04,0.11,0.77,0.18,1.17,0.49,0.27,0.72,0.68,1.29,1.8,0.89
358,-1.96,-1.07,-3.21,1.51,0.25,1.06,-0.76,-1.59,-1.32,2.46,1.84,1.01,0.53,1.08,1.25,1.86,0.31,0.43,0.71,0.34
359,-1.25,-0.4,-2,-0.36,-0.13,1.02,-0.27,0.06,0.45,0.66,0.88,0.76,0.42,1.13,0.97,0.94,1.11,1.88,0.97,0.69
360,-0.33,0.08,-1.27,-0.03,1.28,0.64,-1.08,0.34,-0.58,0.57,0.35,0.12,0.1,0.15,0.11,0.21,0.44,0.66,0.61,0.06
361,-0.2,0.11,-0.64,-0.11,0.6,-0.7,-0.96,-0.09,-1.28,1.52,0.29,0.93,0.54,0.74,0.43,0.4,0.83,0.72,0.36,1.13
362,0.22,0.16,-1.51,-0.15,-0.38,1.31,-1.04,0.06,-1.28,1.71,0.83,0.47,0.77,0.98,1.37,0.64,0.67,0.75,0.69,0.7
363,-0.99,-0.48,-0.59,-0.73,0.94,0.68,-0.04,0.24,-0.89,1.54,1.3,0.91,1.42,0.99,1.15,0.76,1.13,1.28,0.54,1.26
364,0.3,1.47,-0.87,-0.72,0.2,0.31,-0.73,-0.21,-0.83,1.04,0.55,0.69,0.6,0.77,1.12,0.61,0.88,0.62,0.78,0.54
365,-0.38,0.18,-0.66,-0.62,0.98,-0.09,-0.3,-0.89,-0.8,1.27,0.91,0.88,1.28,1.11,0.92,0.84,0.88,1.01,1.11,1.14
366,-1.67,-0.14,-1.01,1.09,-0.47,1.58,-0.04,-1.59,0.73,-0.73,0.53,0.63,1.08,0.87,0.94,0.56,0.69,0.78,0.57,1.97
367,0.54,0.82,-2.26,0.88,-1.14,0.56,-0.98,-1.87,-1.42,2.1,0.06,0.13,0.03,0.05,0.07,0.06,0.06,0.38,0.1,0.05
368,-0.46,-0.89,-0.4,-2.18,0.77,0.21,-0.25,0.51,0.47,0.74,1.06,0.33,1.35,0.72,1.13,0.51,0.73,0.92,1.52,1.9
369,-0.45,-0.18,-0.78,-1.14,-0.1,0.57,0.23,-0.1,0.75,0.62,1.13,0.54,0.69,0.64,1.09,1.29,0.65,0.82,1.16,1.03
370,0.74,0.74,-1.12,0.26,-0.11,1.15,-1.29,-1.14,-0.48,1.17,1.03,0.74,0.89,0.79,1.09,0.67,0.85,0.84,0.96,0.92
371,-1.14,-0.26,-1.24,1.55,1.15,-0.08,-1.3,-1.6,-0.49,-0.48,0.18,0.27,0.16,0.4,0.59,0.6,0.52,0.41,0.5,1.21
372,0.57,-0.22,0.23,0.39,0.17,0.08,-0.95,-0.35,0.11,-0.32,0.75,0.9,0.9,0.79,0.72,0.61,0.91,0.72,0.6,0.94
373,-0.64,0.03,-1.1,-0.12,-0.13,0.86,0.22,-0.47,0.43,0.42,0.86,0.63,0.78,0.79,0.86,1,1.16,0.64,0.91,0.68
374,-0.82,-0.8,-0.81,-0.24,0.24,0.24,0.08,-0.79,0.58,0.21,0.69,1.22,0.73,0.67,1.03,1,0.73,0.43,0.57,0.56
375,-0.6,-0.69,0.14,-0.83,1.23,0.7,0.25,-0.06,0.03,0.47,1.25,0.7,0.88,0.55,0.63,0.96,0.81,0.72,1.07,0.77
376,-0.86,1.21,-0.04,-0.52,-1.24,0.21,1.18,0.55,1.05,0.02,1.09,0.07,0.16,0.15,0.66,0.18,0.75,0.1,1.11,0.32
377,-0.33,0.75,-1.87,0.2,0.91,1.55,-1.66,-0.81,-2.03,1.6,0.38,0.3,0.68,0.75,1,0.85,0.48,0.4,0.63,1.01
378,0.07,1.33,-0.69,0.66,0.22,0.11,-0.7,-0.83,-0.48,0.22,0.85,0.76,0.81,1.12,0.72,0.51,0.81,0.85,0.86,0.73
379,2.49,-2.76,-0.17,-0.32,-1.28,0.12,-1.13,-0.26,-1.48,1.62,0.84,0.79,0.77,0.82,0.83,0.78,0.78,0.86,0.86,0.8
380,1.21,-0.06,-1.88,-1.98,0.56,-0.04,-2.79,0.99,-1.78,2.35,0.61,0.41,0.78,0.53,0.42,1.02,0.48,0.83,0.45,0.37
381,-1.18,0.21,-2.3,-0.71,0.53,1.41,-1.08,-0.7,-0.23,1.29,0.63,0.82,0.79,0.73,0.91,0.45,0.67,0.93,0.91,0.65
382,-0.73,-0.15,-1.3,0.28,-0.56,0.98,-0.09,-0.92,0.8,0.98,0.55,1.13,0.92,1.17,0.73,0.32,0.97,0.38,1.2,1.97
383,-0.79,0.78,-1.4,-0.65,-0.43,1.33,-0.14,-0.3,0.82,0.05,0.66,0.85,0.46,0.74,0.8,0.6,0.75,0.69,0.9,0.5
384,-0.98,-0.55,-1,-1.9,0.7,1.96,0.24,-0.44,0.23,0.89,0.2,1.46,0.42,0.12,0.6,0.84,0.53,0.46,0.87,0.96
385,0.67,1.44,0.03,-1.4,1.01,-0.07,-0.67,0.5,-0.27,-0.96,0.65,0.58,0.45,0.49,0.4,0.26,0.8,0.51,0.79,1.08
386,0.1,1.9,-0.53,-1.26,0.45,-0.72,-0.47,0.36,-0.74,-0.33,0.85,0.81,0.81,0.8,0.83,0.78,0.84,0.83,0.86,0.86
387,-0.59,-0.41,-1.57,-0.87,1.13,0.8,-1.21,0.68,-0.41,0.84,1.1,1.17,0.61,0.51,1.15,0.34,1.72,1.5,0.75,1.7
388,-0.13,-0.32,-0.05,-0.43,0.94,0.41,-0.73,0.04,-0.42,0.15,0.96,0.89,1,0.6,0.83,0.77,1.05,0.78,0.98,1.09
389,-0.44,0.11,-2.03,-0.08,-2.1,2.29,0.16,0.63,2.87,-0.72,0.84,0.84,0.76,0.81,0.85,0.76,0.82,0.81,0.81,0.84
390,-0.58,-0.27,-1.65,-1.64,0.93,1.51,-0.22,-1.46,-1.26,1.81,0.83,0.81,0.76,0.82,0.81,0.77,0.81,0.79,0.82,0.85
391,-0.4,-0.96,-1.27,-1.18,1.26,2.12,-1.23,0.08,0.48,0.42,0.87,1.37,0.59,0.57,0.61,0.41,0.76,0.85,0.66,0.71
392,-0.75,-0.46,-1.34,-1.79,-0.23,1.04,0.33,-0.43,0.84,1.3,0.74,0.93,0.98,1.43,1.09,0.95,1.01,0.37,0.58,0.54
393,-1.82,-0.58,-2.24,-0.45,0.42,1.88,-0.31,0.28,-0.04,1.58,1.4,1.28,1.63,0.8,1.16,1.69,1.58,1.14,1.33,1.19
394,-0.31,-1.46,-0.78,0.49,0.26,2.14,-1.65,-0.09,0.27,0.09,0.66,0.57,0.52,1.02,0.69,0.72,0.99,0.72,0.63,0.42
395,-0.45,-0.55,-1.35,-0.21,-0.29,1.71,-1.29,-0.15,0.18,0.45,0.9,0.73,0.71,0.87,1,0.85,1.3,0.49,0.79,0.85
396,0.08,1.2,-1.54,0.54,-0.14,0.69,-1.09,-1.34,-0.84,1.48,0.7,1.06,0.8,0.71,1.14,0.5,0.91,0.71,0.91,1.06
397,-2.51,-0.45,-2.56,-1,0.84,1.26,-0.88,-0.76,-0.09,1.5,0.3,0.89,0.57,0.26,0.91,0.65,0.81,0.52,0.56,0.71
398,-0.43,-0.58,-0.81,-1.15,-0.05,1.61,0.32,0.75,0.19,0.81,0.59,1.18,1.2,0.85,0.81,0.89,0.96,1.18,1.37,1.76
399,0.66,0.77,-1.14,0.61,-0.22,0.65,-1.54,0.27,-1.94,1.54,0.6,0.38,0.22,0.72,0.9,0.52,0.56,1.44,0.38,0.63
400,0.24,0.19,-1.6,0.08,0.33,0.6,-1.04,-1.03,0.42,0.78,1.2,1.37,0.7,0.37,0.78,1.13,0.6,0.81,1.21,1.03
401,0.69,-1.28,1.08,0.61,-0.05,0.26,-1.1,-0.13,-0.64,0.35,1.22,0.7,0.44,1.16,0.57,1.15,0.78,0.39,0.55,0.42
402,1.22,0.46,1.29,-0.57,-0.35,-0.58,-0.56,-0.45,-0.45,0.45,0.13,0.43,0.19,1.23,1.3,0.83,1.15,1.11,0.4,0.81
403,-1.02,-0.77,-0.85,-0.63,0.33,1.11,0.16,0.35,0.79,-0.13,0.5,0.5,0.42,0.82,0.77,0.84,0.81,0.58,0.64,0.75
404,0.52,1.03,-0.51,-0.91,0.03,-0.21,-0.46,-0.65,-0.5,0.55,0.35,0.32,0.36,0.81,1.61,0.34,0.66,0.91,0.48,0.87
405,1.14,-0.08,-1.98,-1.54,-1.12,0.32,-0.85,1.23,-0.13,2.25,1.31,1.14,0.51,0.54,0.83,0.93,0.64,1.09,0.87,0.79
406,0.28,0.57,-0.42,-0.54,0.3,1.12,-1.29,-0.14,-0.87,1.09,1.12,0.64,1.03,0.72,0.95,0.83,0.98,0.83,0.96,1.01
407,-1.47,0.39,-2.52,-1.23,-1.46,1.31,0.95,-0.11,1.49,0.28,1.09,0.74,0.53,0.85,0.88,0.63,1.02,0.9,0.99,0.82
408,-0.25,-0.43,-1.41,-0.77,-0.07,0.52,-0.78,-0.73,0.41,1.39,1.02,0.71,0.84,1.1,0.97,0.99,1.18,1.06,1.2,0.58
409,-0.59,-0.85,-0.38,-0.58,-0.15,1.32,0.04,-0.55,1.26,-0.36,1.07,1.48,1.14,0.7,0.8,0.82,0.6,0.55,1.4,1.13
410,-0.36,-0.07,-1.26,-1.2,-0.1,2.11,-2.01,1.13,-0.93,0.99,0.15,0.96,0.81,0.23,0.13,1.05,0.25,0.43,0.44,0.51
411,-1.2,0.34,-0.81,-2.03,1.33,0.14,0.74,-0.02,1.06,0.95,0.06,0.35,0.28,0.49,0.77,0.3,0.63,0.24,0.35,0
412,0.38,0.08,0.06,0.24,-1.26,0.67,-0.76,-0.3,0.99,-1.26,0.54,1.34,0.82,0.96,0.59,0.02,0.61,1.09,0.07,0.72
413,-0.41,0.25,-2.26,-2.51,-0.62,1.03,-0.3,1.24,-0.15,1.62,0.54,0.59,0.75,0.76,0.75,0.61,0.72,1.02,0.57,1.11
414,0.21,0.37,-1.62,0.45,-1.11,1.43,-0.76,-1,-0.58,1.17,0.77,0.85,1.01,0.76,0.66,0.72,1.02,0.85,0.93,0.76
415,-0.93,-0.58,-2.72,0.02,-0.63,0.61,0.41,-1.02,0.09,0.97,0.88,0.63,0.5,0.31,0.57,0.46,0.64,0.3,0.78,0.27
416,-0.65,-0.94,-1.11,-0.3,-0.7,1.31,-1.74,0.9,-1.79,1.21,1.35,1.36,0,0.58,0.45,1,0.39,0.07,0.5,0.28
417,-0.43,-0.87,-1.2,-0.58,-0.24,0.99,-0.39,0.14,-0.81,2.09,0.67,0.94,0.51,0.5,0.81,0.67,0.67,0.58,0.64,1.01
418,-0.36,0.6,-1.41,0.17,0.56,-0.09,-0.4,-0.79,-1.12,1.31,0.73,0.33,1.58,0.78,2.22,0.81,0.82,0.45,0.51,0.31
419,1.64,-0.83,0.46,-0.16,-1.17,-0.21,-1.68,0.43,-0.3,0.27,0.45,0.44,0.99,1.05,0.83,0.71,0.62,1.28,1.14,0.42
420,-1.32,-2.03,-1.27,0.24,0.4,1.19,1.09,-0.95,-0.19,2.54,0.85,0.84,0.78,0.75,0.8,0.73,0.81,0.81,0.87,0.8
421,-1.54,-0.16,-1.49,-0.95,-0.07,0.84,0.96,0.36,0.27,1.14,1.48,0.85,0.62,0.24,0.44,1.21,1.09,0.62,0.82,0.24
422,0.91,-1.21,-1.37,0.99,-1.18,-0.79,-0.56,-2.53,-0.54,1.72,0.58,0.8,0.3,1.48,0.55,0.14,1.68,0.58,1.1,0.37
423,-0.96,-0.4,-1.73,-1.34,-0.07,1.94,-1.32,-0.16,0.77,0.42,0.59,0.57,1.63,1.39,1.18,1.39,1.08,1.28,0.49,0.8
424,-0.03,2.21,-0.12,-0.62,0.24,-0.52,-0.9,1.27,-0.01,-0.03,0.94,0.97,0.64,0.76,0.63,0.35,0.6,1.05,0.95,1.18
425,-0.33,1.57,-1.31,-0.41,0.77,0.97,-1.04,-1.46,-0.07,0.45,1.03,0.1,0.5,0.57,0.1,1.13,0.35,0.43,0.76,0.58
426,-0.11,-0.77,-0.53,-1.11,0.69,1.51,-0.75,-0.52,0.3,-0,0.81,0.78,0.7,0.76,1.05,0.96,0.72,0.72,1.09,1.14
427,1.31,0.27,-0.32,1.04,0.31,0.39,-2.91,-0.65,-0.82,-0.3,0.65,0.2,0.21,0.32,0.11,0.1,0.75,0.03,0.19,0.07
428,-1.28,0.6,-0.94,0.01,1.08,0.21,-2.05,0.14,-1.55,0.38,0.99,0.27,0.71,0.76,0.91,0.74,0.74,0.88,0.96,1.12
429,0.6,-0.64,-1.46,-1.14,0.79,-0.3,-2.2,1.74,-2.1,2.51,0.8,0.82,0.81,0.76,0.84,0.78,0.79,0.85,0.85,0.81
430,-2.55,2.97,-2.85,1.06,1.89,1.59,-0.49,-1.69,0.79,-0.38,1,0.88,0.15,0.07,0.75,0.61,0.08,0.07,0.66,0.97
431,1.34,-1.95,0.87,-0.28,-0.57,-0.65,-1.44,-1.51,-0.04,2.03,0.9,0.53,0.67,0.94,1.17,0.8,0.76,0.68,0.79,0.65
432,0.48,-0.55,-1.31,-1.2,0.2,0.95,-1.07,0.27,-0.9,1.92,0.89,1.12,0.73,0.46,1.09,0.65,0.9,1.26,1.16,0.92
433,0.02,-0.29,-0.58,0.28,-1.36,-0.04,-0.5,-0.96,0.19,0.69,0.4,0.9,1.02,0.63,0.74,0.48,0.66,1.05,0.81,0.81
434,-1.59,-0.24,-0.8,-1.08,-0.6,0.42,-0,0.57,0.44,-0.17,0.85,0.83,0.78,0.82,0.79,0.79,0.82,0.83,0.88,0.86
435,-1.16,-1.13,-0.76,0.07,0.89,1.01,-0.18,-0.76,0.14,0.18,0.69,0.6,0.98,1.01,0.67,0.84,0.6,1.2,1.11,0.66
436,0.26,-0.15,1.68,-0.46,-0.25,0.12,-1.78,-0.79,0.18,0.38,0.41,0.63,0.62,1.04,0.05,0.07,0.77,1.32,0.31,0.69
437,-0.86,0.8,-2.3,0.04,0.31,0.67,-0.27,0.36,0.06,-0.18,0.56,0.89,0.12,0.21,0.27,0.12,0.04,0.26,0.36,0.3
438,-0.44,-0.52,-1.68,-0.28,0.73,1.02,-0.88,-2.04,-0.04,1.57,0.9,0.43,0.89,1,0.78,0.72,1.14,0.92,1.05,0.73
439,0.39,-0.89,0.83,-0.82,1.56,2.13,-0.9,-2.08,-1.17,0.38,0.74,0.37,1.21,0.52,0.87,0.63,0.83,0.22,0.81,1.25
440,-0.05,-0.4,-0.39,0.12,0.26,0.32,-1.17,0.36,-1.1,0.13,0.54,0.56,0.43,0.38,0.86,0.4,0.27,0.26,0.27,0.99
441,0.49,0.77,-1.18,0.36,-0.26,-0.18,-1.77,-0.72,-0.89,-0.1,0.06,1.66,0.28,1.72,2.4,1.69,1.12,1.67,0.42,0.78
442,-1.11,-0.2,-0.16,-1.34,1.51,0.37,0.59,-0.54,1.54,-1.06,1.06,0.71,0.18,0.84,0.24,1.37,0.48,0.81,1.34,0.99
443,-0.39,-0.2,-2.55,-0.17,-2.8,0.99,0.52,1.03,-0.23,2.87,0.83,0.39,1.05,1.53,0.67,0.98,1.01,1.55,0.5,0.94
444,0.4,-0.71,-1.01,-1.13,0.57,1.15,-2.16,0.87,-2.09,1.95,2.19,0.2,0.34,2.09,1.24,0.62,1.16,2.21,0.82,1.03
445,-2.21,-0.53,-1.49,-0.98,0.31,1.85,1.24,-0.07,0.78,-0.75,0.25,0.46,0.95,1.26,1.14,0.72,1.07,0.39,1.22,0.63
446,0.09,-0.64,-1.47,-0.5,-0.19,0.43,-2.83,-0.05,-1.51,0.62,0.66,0.58,0.82,0.74,0.63,0.54,0.54,0.78,0.62,0.84
447,-0.36,0.56,-1.56,-1.71,-1.02,1.01,-0.37,2.38,0.56,-0.1,0.84,1.09,0.88,0.84,0.71,0.7,0.78,0.83,0.49,0.94
448,-0.35,-0.99,0.34,0.47,-0.2,0.23,0.23,-0.48,0.84,-0.37,1.31,0.72,0.59,0.8,0.71,0.43,0.34,1.17,1.24,0.47
449,-2.01,-1.08,-1.47,0.05,0.98,0.94,0.55,-0.57,1.4,1.38,1.25,1.29,1.18,1.65,0.12,0.16,1.45,0.81,0.87,1.27
450,-2.07,-0.11,-1.41,-0.64,0.53,1.14,0.75,-0.31,0.79,0.27,0.48,1.01,0.91,1.22,1.1,0.73,1.03,0.7,0.84,1.09
451,-0.22,-0.67,-1.04,0.13,-0.19,-0.7,0.04,-1.32,1.03,-0.08,0.65,1.02,0.41,0.22,1.03,0.64,0.54,0.48,0.45,0.42
452,-0.72,-0.86,-0.93,-1.79,1.81,2.18,-0.19,0.7,0.25,0.66,0.82,0.79,0.75,0.82,0.83,0.75,0.82,0.79,0.82,0.79
453,0.64,0.14,0.28,-0.34,1.52,-0.13,-1.98,0.04,-1.7,0.41,0.83,0.65,0.71,1.01,0.46,0.82,0.83,0.69,0.56,1.16
454,-1.5,-0.69,-2.01,-1.07,0.58,1.87,-0.48,0.48,0.63,0.57,0.74,1.39,0.85,1.12,0.97,0.59,0.28,0.8,0.54,1.81
455,-1.22,-0.89,-0.58,-0.22,1.36,1.74,-0.77,-0.78,0.63,-0.68,1.75,0.56,0.37,0.37,1.75,1.09,1.29,0.55,0.66,1.35
456,1.34,-1.63,0.74,-0.44,-0.65,0.12,-1.38,-0.86,0.49,-0.03,0.59,0.42,0.54,0.5,0.11,0.27,0.28,0.59,0.13,0.12
457,1.59,0.2,-0.99,-0.53,-1.16,-0.62,-1.03,-1.34,0.45,0.84,1.5,0.85,1.08,0.92,0.35,1.35,1.02,1.61,1.32,1.69
458,-1.12,0.76,-0.82,-0.01,1.47,0.18,-2.35,-1.06,0.27,0.82,0.08,0.32,0.26,0.58,0.16,0.16,0.67,0.72,0.97,0.09
459,-0.3,-1.43,-0.37,-1.52,0.15,1.6,-0.58,0.22,2.15,-0.61,0.82,0.74,0.83,0.96,0.67,0.35,0.56,0.96,0.6,0.87
460,-0.06,1.75,-1.22,-1.84,-1.68,0.86,0.19,0.14,0.19,1.17,0.54,0.57,0.49,1.05,0.4,0.31,0.51,0.61,0.32,0.58
461,-0.59,1.52,-0.62,-1.01,1.03,0.18,-0.16,-0.61,-0.96,0.7,0.7,0.91,0.62,0.47,0.78,0.01,0.71,0.32,0.21,0.99
462,-0.42,-0.5,-1.09,-0.74,0.46,0.58,-0.37,-0.82,-0.51,1.36,0.79,1.07,0.67,0.68,0.29,0.64,0.73,0.9,0.55,0.75
463,1.22,0.47,1.12,1.13,-1.45,0.08,-1.33,-1.39,0.79,0.02,1.07,0.56,1.22,0.99,0.36,0.49,0.46,0.76,0.32,0.28
464,2.06,1.84,-1.51,0.81,-0.02,-1.46,-0.82,-2.66,-1.16,0.17,0.44,0.73,0.86,0.8,0.65,0.7,0.77,0.8,0.79,0.95
465,-0.25,0.28,-0.52,-0.9,1.24,0.25,-0.81,0.15,-1.35,2.03,1.02,0.59,0.62,0.7,0.7,1.18,0.72,0.81,0.76,0.92
466,-0.87,-0.33,-0.14,-1.28,0.65,0.17,0.78,-0.14,0.09,0.33,0.61,1.06,1.42,1.31,1.03,0.79,1.24,1.47,1.13,0.67
467,0.17,0.55,-2.02,-0.01,-0.96,0.84,-0.38,-0.81,-0.06,1.18,0.41,0.4,0.31,1.25,0.21,0.36,1.27,0.73,0.54,0.35
468,0.27,-0.2,-0.81,-1.19,-0.15,0.82,-1.56,-0.9,-0.3,0.28,0.75,0.38,0.37,0.73,0.7,0.22,0.81,0.51,1.16,0.46
469,0.26,-1.34,-0.2,-1.77,0.69,1.1,-0.31,-0.33,0.3,0.82,1.04,0.46,0.85,1.11,1.2,0.75,0.59,0.94,0.79,1.47
470,0.51,-0.77,-1.48,-0.16,-0.58,0.44,-1.8,-0.1,-0.81,-0.37,0.35,0.86,0.38,0.17,0.7,0.69,0.63,0.77,0.75,1.81
471,0.35,1.14,-0.63,-0.19,-0.42,-0.61,0.61,-1.24,-0.78,1.6,1.27,0.59,1.3,0.8,1.11,0.94,1.53,1.06,0.76,0.79
472,-0.33,0.03,-1.38,-1.89,0.48,1.32,-0.78,0,1.37,0.43,1.2,0.6,0.9,0.89,0.82,0.58,0.63,0.54,0.6,0.88
473,-1.31,-0.31,-2.07,-0.31,0.48,2.16,0.48,-0.4,-0.48,1.1,0.54,1.2,0.83,0.78,1.04,0.65,0.88,0.87,0.9,0.73
474,-1.02,0.16,-1.15,0.37,0.22,0.91,-2.25,0.27,-0.5,0.09,0.41,0.2,0.23,0.27,0.43,1.01,1.13,0.36,0.89,0.42
475,-0.98,0.57,-2.14,0.15,-0.3,1.12,-0.48,0.02,-0.1,0.95,0.88,0.65,0.72,0.37,0.49,0.27,0.55,1.08,0.79,0.98
476,-1,1.42,-2.06,-1.75,0.24,0.71,-1.66,-0.45,-0.8,0.73,0.44,1.8,0.3,0.69,1.67,0.83,0.72,0.65,0.94,0.12
477,-0.98,-0.64,-1.84,-0.33,0.12,0.32,1.07,-1.4,0.81,0.08,0.56,0.15,0.05,0.67,0.63,0.39,0.42,0.54,0.84,0.91
478,-1.63,2.6,-2.19,-1.74,0.36,0.22,-0.63,-3.28,2.31,-0.57,0.82,0.8,0.75,0.81,0.82,0.79,0.78,0.86,0.83,0.84
479,1.52,1.39,-1.56,-1.49,-0.68,1.41,-2.74,0.96,-1.84,1.41,0.42,0.7,0.64,0.51,0.73,0.91,0.32,0.62,0.66,0.57
480,-0.17,1.99,-1.74,0.27,-0.71,1.04,0.42,-0.46,-0.64,0.76,0.91,1.06,0.37,0.65,0.8,1.3,0.61,0.83,0.71,0.48
481,0.4,0.2,-0.98,0.05,0.33,0.22,-1.22,-0.32,-1.32,2.37,1.05,1.15,0.33,0.9,0.47,0.44,0.74,0.58,0.72,0.43
482,-0.61,-1.91,-1.31,-1.43,-0.59,-0.05,-0.44,1.85,0.33,2.77,0.84,0.85,0.76,0.77,0.79,0.74,0.81,0.86,0.82,0.86
483,0.38,-0.8,-1.85,-0.98,-1.43,0.11,-0.48,-0.26,0.39,1.77,0.5,0.2,0.76,1.03,0.8,1.06,1.46,0.71,1.59,0.5
484,0.41,0.43,-0.34,-0.39,0.85,0.42,-0.9,-0.26,-0.35,0.86,0.78,0.25,0.34,1.08,0.46,0.84,0.47,0.03,0.89,1.33
485,1.73,-1.6,0.28,0.19,-1.82,0.2,-1.05,0,-0.15,0.18,0.99,0.44,0.76,1.13,0.59,1.23,0.64,0.65,1.04,0.54
486,-1.33,-0.11,-2.05,-0.6,0.92,1.3,-0.91,0.27,0.26,1.24,1.69,1.11,0.17,0.58,1.22,0.96,0.33,0.3,0.5,0.47
487,-1.14,-0.15,-2.27,-2.29,-0.34,1.37,0.87,1.75,-1,1.93,0.62,0.1,0.15,0.06,0.08,0.85,0.95,0.26,0.71,0.02
488,0.44,-0.87,-0.58,-0.15,-0.33,-0.5,-1.14,0.65,-0.75,0.9,0.2,0.3,0.3,0.9,1.51,1.57,0.23,0.39,0.33,0.76
489,1.55,-1.29,-0.94,-0.35,-1.2,0.91,-1.98,-0,0.74,-0.01,0.36,1.14,0.41,0,0.87,0.39,0.72,1.18,0.45,0.74
490,-1.23,-0.19,-0.75,-1.87,1.27,1.17,0.28,-1.31,0.86,0.65,0.7,0.77,0.76,1.46,0.66,0.46,0.85,0.92,0.15,1.68
491,-1.06,-0.25,-1.87,-0.41,-0.06,0.74,-1.15,1.47,0.42,0.5,0.52,0.51,0.63,0.56,0.5,0.6,0.44,0.67,0.87,0.61
492,0.07,-0.33,0.25,-0.52,0.84,-0.06,-1.43,0.38,0.2,0.03,0.14,0.84,0.5,1.27,0.28,0.16,1.2,0.74,0.99,0.72
493,0.18,1.76,-1.36,-0.55,-0.65,-0.84,0.08,-1.06,-1.27,0.99,0.01,0.65,0.82,0.54,0.06,0.35,0.67,0.16,0.56,0.53
494,1.77,-0.27,-0.4,0.82,-1.34,0.99,-1.3,-0.87,0.32,-0.08,0.71,0.21,0.79,1.79,0.95,0.55,0.79,0.86,1.03,0.17
495,-0.74,-1.1,-1.85,-0.89,-0.65,1.45,0.2,-0.66,1.09,1.23,0.86,0.9,0.5,0.54,0.7,0.7,0.9,1.51,0.94,0.9
496,1.76,-0.17,-1.26,-0.48,-0.23,-0.03,-2.11,-0.11,-2.13,1.75,1.75,1.23,0.27,0.56,0.1,1.69,1.02,1,0.61,1.36
497,-2.79,2.66,-2.35,0.9,0.03,0.78,-0.65,-1.19,1.41,-0.4,0.66,0.83,0.72,0.6,0.75,0.59,0.95,0.41,0.6,0.21
498,-0.51,-0.36,-0.67,-1.14,0.05,0.74,-0.06,0.79,0.54,-0.2,0.81,1,0,0.44,0,0.6,0.12,0.46,0.34,0.5
499,-0.55,-1.8,-1.52,-1.53,1.47,1.46,-1.69,-1.91,0.28,1.06,1.42,1.23,0.68,0.14,0.28,0.07,0.05,1.04,1.29,1.22
500,-1.32,0.53,-1.6,-0.5,0.1,0.4,-0.51,-0.87,0.28,-0.28,0.81,0.54,0.95,1.15,0.32,0.8,1.47,1.03,0.6,0.68
501,-1.62,-0.15,-2.33,0.3,1.07,0.52,-0.69,-1,-0.9,1.83,0.55,0.47,0.31,0.12,0.54,0.83,0.94,0.25,1.33,0.69
502,-1.73,-0.14,-1.6,-2.42,0.73,2.04,-0.24,0.19,-0.82,1.18,0.98,0.85,0.68,0.55,1.07,0.84,0.62,0.69,0.64,1.02
503,-0.5,-0.34,-1.42,-0.2,-0.65,1.04,0.17,0,2.03,0.5,0.72,0.99,0.81,0.49,0.98,0.46,1.15,0.65,0.8,0.83
504,-0.66,0.2,-1.26,0.44,-1.13,2.84,-1.49,0.43,-0.6,0.38,1.21,0.91,0.71,1.21,0.94,0.63,0.77,0.87,0.5,1.21
505,1.26,-1.53,-0.74,-0.85,-0.05,-0.21,-1.83,-1.31,-0.85,2.72,0.69,0.86,0.4,0.31,0.55,2.09,0.01,0.76,0.5,0.09
506,-0.54,1.37,-1.3,-0.24,-0.07,1.56,-1.49,0.62,0.05,0.42,0.07,1.96,0.44,1.52,0.81,0.75,1.46,0.39,1.31,0.53
507,-1.77,1.29,-0.72,-1.18,-1.22,0.69,-1.62,0.84,-1.14,0.52,0.39,0.18,1.57,0.58,0.14,0.6,0.48,1.16,0,0.56
508,-0.21,-1.01,0.67,-1.05,0.39,0.49,-0.16,0.17,1.77,-1.14,0.44,0.35,0.62,1.11,0.74,0.93,0.88,0.59,0.62,0.55
509,-0.73,0.04,-0.1,1.48,1.12,0.71,-0.25,-1.99,-0.29,-0.5,0.25,0.06,0.36,1,1.21,0.86,1.03,1.38,0.8,0.73
510,0.76,-0.86,-1.73,-1.28,0.54,1.06,-1.97,0.29,-0.43,1.19,0.86,0.88,1.03,0.78,0.98,0.53,0.91,0.77,1.02,0.98
511,-0.37,-1.42,-1.19,-1.67,0.29,1.35,-1.13,0.91,0.04,2.5,0.34,1.14,0.38,0.48,0.28,0.43,1.2,0.94,0.34,0.26
512,-1.18,-0.53,-1.16,-0.69,0.13,1.81,0.96,-0.21,1.39,0.68,0.32,0.56,0.36,0.81,0.8,0.92,0.98,0.68,0.93,0.46
513,-2.27,1.38,-1.44,-2.26,0.8,3.35,-0.44,0.73,1.12,-0.87,0.4,0.79,0.84,0.38,0.57,0.5,0.67,0.67,0.78,0.78
514,1.49,-0.72,0.53,-0.61,0.22,-0.5,-1.36,-0.78,-0.1,-0.46,0.65,0.66,0.93,0.27,0.95,0.53,0.84,0.6,0.61,0.96
515,-0.1,1.64,-0.66,-0.74,-0.17,-0.07,-0.46,-0.14,1.04,0.2,1.11,0.53,1.12,0.66,1.01,0.61,0.49,0.89,0.96,0.89
516,-1.92,-0.3,-1.97,-0.1,1.48,0.79,-1.13,-0.33,-0.24,-0.42,0.68,0.68,0.76,1.06,1.22,0.79,0.89,0.84,0.55,0.64
517,0.66,1.27,-1.83,-2.04,-0.81,-0.57,-0.45,0.17,-0.24,1.07,2.07,1.26,1.16,1.38,0.82,1.61,1.14,1.18,1.31,0
518,1.75,-0.23,0.96,-1.17,1.65,-0.97,-1.33,-1.5,1.02,-0.31,0.43,0.28,0.53,0.82,0.31,0.92,0.2,0.35,0.79,0.39
519,0.82,0.7,-0.72,-0.07,0.28,-0.04,-1.45,-2.01,-0.81,0.26,0.62,1.07,1.63,0,0,0.21,0.85,0.57,0.42,0.16
520,-0.3,2.21,-1.14,-2.55,0.13,0.06,-0.53,0.6,0.94,0.61,0.81,0.86,0.45,0.81,0.76,0.81,0.94,0.62,1.21,0.69
521,-0.24,1.49,-1.22,-1.32,-1.54,1.33,-0.52,-0.28,1.37,1.84,0.88,0.48,0.58,0.68,0.8,1.02,0.77,0.83,0.78,0.84
522,-0.29,-0.83,-0.83,0.05,-0.61,-0.49,1.08,-2.02,-0.2,1.46,1.27,0.47,0.27,1.25,0.17,0.4,0.62,1.2,0.34,0.34
523,-1.17,1,-1.43,-0.46,0.51,-1.11,0.93,-0.1,1.44,-1.39,0.2,1.36,1.45,0.56,0.52,0.34,0.16,1.69,0.4,1.14
524,1.61,-0.22,-0.41,0.56,-0.18,-0.41,-3.01,-1.28,-0.68,0.99,1.05,1.09,0.5,0.7,0.83,0.68,0.55,1.03,0.79,0.9
525,1.29,-0.79,-0.41,-0.8,-0.39,-0.6,-1.8,-0.4,-0.37,1.02,1.44,0.73,1.08,0.36,1.16,0.65,1.46,0.73,0.49,1.05
526,-0.32,-0.1,-1.58,0.98,-0.45,0.87,-0.41,-0.57,1.32,0.14,0.45,1.38,0.5,0.3,0.89,0.43,0.63,0.95,0.82,0.29
527,-1.03,0.36,-1.25,-0.97,1.5,1.18,-0.77,0.47,-0.72,-0.06,0.2,0.41,0.41,0.64,0.93,0.29,0.31,0.57,0.22,0.18
528,-0.09,1.76,-1.11,1.07,-0.13,0.1,-0.22,-2.04,0.82,-0.84,0.82,0.8,0.75,0.78,0.84,0.76,0.84,0.79,0.87,0.78
529,0.36,-0.61,-2.05,-1.45,-1.31,1.79,-1.36,1.92,-1.21,1.68,0.86,1.05,0.8,1.11,0.55,0.61,0.97,0.89,1.17,0.81
530,-0.07,1.63,-2.04,0.03,-0.19,0.86,-1.71,-0.48,0.75,0.41,0.81,0.6,1.05,1.1,0.91,0.57,1.14,0.91,1.23,0.9
531,1.11,1.06,-1.14,-0.26,-1.76,0.14,-0.12,-1.61,0.16,1.55,1.02,0.53,0.94,0.61,0.7,0.79,1.05,0.98,0.82,0.36
532,1.38,-0.55,-0.87,-0.82,-1.84,0.33,-0.1,0.89,-0.37,0.49,1.05,0,0.85,0.75,1.6,0.26,0.54,1.09,0.56,1.93
533,0.32,1.14,-1.55,1.17,0.15,-0.78,-2.5,-0.03,-1.33,1.65,0.82,0.44,1.04,0.84,0.26,0.6,0.83,0.93,0.56,0.63
534,0.15,-1.49,-2,-0.57,1.45,-0.1,-1.12,-0.93,-1.44,1.69,0.55,0.97,0.82,0.67,0.41,0.4,0.99,0.34,0.21,0.89
535,-0.7,-0.14,-1.24,-0.28,1.01,2.08,-0.09,-1.56,0.48,0.55,0.63,0.67,0.82,0.76,0.75,0.9,0.8,0.58,0.83,0.92
536,-0.75,0.93,-1.86,-0.55,0.32,0.46,0.15,-0.28,0.07,-0.06,1,0.73,0.89,0.76,1.15,1.81,0.67,1.45,1.03,0.61
537,-2.3,2.64,-2.79,0.68,-0.32,1.87,-0.27,0.65,-0.45,-0,0.87,0.71,0.86,0.65,0.89,0.51,0.62,1.21,0.76,0.87
538,0.33,0.39,-1.46,-0.61,-1.47,0.35,0.1,0.49,0.93,0.67,1.82,1.03,0.92,0.77,0.75,0.92,1.2,0.75,1.03,0.55
539,-0.99,0.24,-1.62,-0.32,1.23,3.48,0.49,0.91,1.06,0.01,1.18,1.35,0.75,1.02,1.13,0.15,1.74,1.06,0.78,1.29
540,-1,-0.05,-2.3,0.91,0.31,1.74,-3.37,-2.1,-2.86,0.32,1.53,0.69,0.07,0.06,1,0.78,0.8,0.11,0.84,0.9
541,-0.73,0.01,-1.26,-0.79,1.12,-0.07,0.48,-0.67,0.95,0.37,0.78,0.79,0.78,0.79,0.86,0.75,0.77,0.82,0.87,0.82
542,-0.31,-1.16,-1.12,-1.61,-0.29,-0.02,-0.38,-0.55,0.35,1.9,0.67,0.27,0.61,0.39,0.62,1.05,0.37,0.42,0.87,0.65
543,-1.15,-0.84,-1.19,0.07,-0.56,0.39,0.8,0.72,0.19,0.37,0.49,0.32,0.55,0.88,1.39,0.62,1.01,0.77,0.82,0.79
544,0.26,1.56,-2.05,-1.19,1.25,0.47,-0.63,-0.06,-1.06,2.05,1.23,0.75,0.79,0.75,0.52,1.53,0.07,0.29,0.15,0.75
545,-0.12,-1.19,-0.18,-0.3,-0.76,0.99,-1.59,0.02,0.43,0.84,1.04,0.98,0.75,0.83,0.84,0.53,0.7,0.99,1.01,0.71
546,1.78,0.79,0.53,0.89,-0.66,0.59,-2.65,-0.57,0.14,0.04,0.71,0.81,0.96,0.67,0.76,0.76,0.86,0.82,0.71,0.82
547,-0.16,-0.67,-0.75,-2.9,-0.3,0.32,0.06,1.43,-0.37,1.77,0.32,0.53,0.48,0.07,0.58,0.74,0.24,0.8,0.51,0.41
548,1.86,1.02,-1.57,-0.78,0.11,0.02,-2.74,-1.41,-0.25,0.04,0.19,2.66,0.11,0.3,0.19,0.1,0.35,0.81,1.16,0.84
549,1.5,2.09,-0.02,-1.04,-1.42,-0.61,-0.44,-0.85,1.49,-0.89,0.75,1.07,0.82,1.04,0.91,0.7,0.34,1.01,0.8,0.83
550,-1.35,0.5,-1.78,-0.7,-0.94,0.89,-0.59,-0.87,0.35,1.54,1.16,0.76,0.89,1.25,1.37,0.47,0.59,1.05,0.67,0.71
551,2.23,-0.96,-0.75,-0.67,1.55,0.44,-3.22,-0.11,-1.69,1.56,0.94,0.36,0.29,0.51,0.98,0.69,0.83,0.34,0.52,0.39
552,-0.84,2.05,-1.48,0.27,-0.72,0.15,-1.14,0.21,0.54,-0.43,0.95,0.82,0.91,0.92,0.47,0.54,0.75,1.02,1.02,0.86
553,0.16,1.63,-2.24,-0.08,0.07,-0.02,-0.82,-0.95,-0.76,-0.03,0.1,0.83,1.74,0.98,0.15,1.29,2.11,0.06,0.71,0.23
554,-0.56,0.65,-2.37,-1.57,0.28,0.84,-0.28,0.12,0.79,0.58,0.64,0.79,0.64,0.71,0.52,0.69,0.72,0.71,1.32,0.84
